<?xml version="1.0" encoding="UTF-8"?><record_update table="m2m_sp_widget_dependency">
    <m2m_sp_widget_dependency action="INSERT_OR_UPDATE">
        <sp_dependency display_value="Spectrum Color Picker">726427700b111200b0b02c6317673a6e</sp_dependency>
        <sp_widget display_value="Document Integration Item Form">7c8abd1edb17db0069d100b5ca961920</sp_widget>
        <sys_class_name>m2m_sp_widget_dependency</sys_class_name>
        <sys_created_by>dshilkret</sys_created_by>
        <sys_created_on>2018-07-16 20:30:39</sys_created_on>
        <sys_customer_update>false</sys_customer_update>
        <sys_id>b88abd1edb17db0069d100b5ca961922</sys_id>
        <sys_mod_count>0</sys_mod_count>
        <sys_name>Spectrum Color Picker.ContentIntegration Item Form</sys_name>
        <sys_package display_value="DocIntegrator" source="x_dtll2_contentint">5f1c2992db8e130069d100b5ca96195f</sys_package>
        <sys_policy/>
        <sys_replace_on_upgrade>false</sys_replace_on_upgrade>
        <sys_scope display_value="DocIntegrator">5f1c2992db8e130069d100b5ca96195f</sys_scope>
        <sys_update_name>m2m_sp_widget_dependency_b88abd1edb17db0069d100b5ca961922</sys_update_name>
        <sys_updated_by>dshilkret</sys_updated_by>
        <sys_updated_on>2018-07-16 20:30:39</sys_updated_on>
    </m2m_sp_widget_dependency>
</record_update>
