<?xml version="1.0" encoding="UTF-8"?><record_update table="m2m_sp_ng_pro_sp_widget">
    <m2m_sp_ng_pro_sp_widget action="INSERT_OR_UPDATE">
        <sp_angular_provider display_value="docint_sp_upload">a2d56457db175b001919fcd6f496191a</sp_angular_provider>
        <sp_widget display_value="Document Integrator SharePoint Upload">6bc85c5fdbd35b001919fcd6f496194c</sp_widget>
        <sys_class_name>m2m_sp_ng_pro_sp_widget</sys_class_name>
        <sys_created_by>btoole</sys_created_by>
        <sys_created_on>2018-07-19 16:55:31</sys_created_on>
        <sys_customer_update>false</sys_customer_update>
        <sys_id>f606a057db175b001919fcd6f4961944</sys_id>
        <sys_mod_count>0</sys_mod_count>
        <sys_name>docint_sp_upload.Document Integrator SharePoint Upload</sys_name>
        <sys_package display_value="DocIntegrator" source="x_dtll2_contentint">5f1c2992db8e130069d100b5ca96195f</sys_package>
        <sys_policy/>
        <sys_replace_on_upgrade>false</sys_replace_on_upgrade>
        <sys_scope display_value="DocIntegrator">5f1c2992db8e130069d100b5ca96195f</sys_scope>
        <sys_update_name>m2m_sp_ng_pro_sp_widget_f606a057db175b001919fcd6f4961944</sys_update_name>
        <sys_updated_by>btoole</sys_updated_by>
        <sys_updated_on>2018-07-19 16:55:31</sys_updated_on>
    </m2m_sp_ng_pro_sp_widget>
</record_update>
