<?xml version="1.0" encoding="UTF-8"?><record_update table="m2m_sp_widget_dependency">
    <m2m_sp_widget_dependency action="INSERT_OR_UPDATE">
        <sp_dependency display_value="sp_codemirror_includes">016f19255b301200e39fc7ad31f91abd</sp_dependency>
        <sp_widget display_value="Document Integration Document Preview">f8b67096db93db0069d100b5ca96191a</sp_widget>
        <sys_class_name>m2m_sp_widget_dependency</sys_class_name>
        <sys_created_by>dshilkret</sys_created_by>
        <sys_created_on>2018-07-16 15:34:22</sys_created_on>
        <sys_customer_update>false</sys_customer_update>
        <sys_id>b8b67896db93db0069d100b5ca9619ab</sys_id>
        <sys_mod_count>0</sys_mod_count>
        <sys_name>sp_codemirror_includes.Copy of ContentIntegration_3_Col_Right</sys_name>
        <sys_package display_value="DocIntegrator" source="x_dtll2_contentint">5f1c2992db8e130069d100b5ca96195f</sys_package>
        <sys_policy/>
        <sys_replace_on_upgrade>false</sys_replace_on_upgrade>
        <sys_scope display_value="DocIntegrator">5f1c2992db8e130069d100b5ca96195f</sys_scope>
        <sys_update_name>m2m_sp_widget_dependency_b8b67896db93db0069d100b5ca9619ab</sys_update_name>
        <sys_updated_by>dshilkret</sys_updated_by>
        <sys_updated_on>2018-07-16 15:34:22</sys_updated_on>
    </m2m_sp_widget_dependency>
</record_update>
