<?xml version="1.0" encoding="UTF-8"?><record_update table="m2m_sp_widget_dependency">
    <m2m_sp_widget_dependency action="INSERT_OR_UPDATE">
        <sp_dependency display_value="Discover Tasker SP Dependency">a324dccedb3f170069d100b5ca961947</sp_dependency>
        <sp_widget display_value="Document Integration Filtered SharePoint">6dedb22adb9fdb0069d100b5ca96195f</sp_widget>
        <sys_class_name>m2m_sp_widget_dependency</sys_class_name>
        <sys_created_by>bkeener</sys_created_by>
        <sys_created_on>2018-08-10 18:53:18</sys_created_on>
        <sys_customer_update>false</sys_customer_update>
        <sys_id>22f3d6d2db3f5b001919fcd6f4961936</sys_id>
        <sys_mod_count>0</sys_mod_count>
        <sys_name>Discover Tasker SP Dependency.Document Integration Filtered SharePoint</sys_name>
        <sys_package display_value="DocIntegrator" source="x_dtll2_contentint">5f1c2992db8e130069d100b5ca96195f</sys_package>
        <sys_policy/>
        <sys_replace_on_upgrade>false</sys_replace_on_upgrade>
        <sys_scope display_value="DocIntegrator">5f1c2992db8e130069d100b5ca96195f</sys_scope>
        <sys_update_name>m2m_sp_widget_dependency_22f3d6d2db3f5b001919fcd6f4961936</sys_update_name>
        <sys_updated_by>bkeener</sys_updated_by>
        <sys_updated_on>2018-08-10 18:53:18</sys_updated_on>
    </m2m_sp_widget_dependency>
</record_update>
