<?xml version="1.0" encoding="UTF-8"?><record_update table="m2m_sp_widget_dependency">
    <m2m_sp_widget_dependency action="INSERT_OR_UPDATE">
        <sp_dependency display_value="Discover Tasker SP Dependency">a324dccedb3f170069d100b5ca961947</sp_dependency>
        <sp_widget display_value="Document Integrator SharePoint Upload">6bc85c5fdbd35b001919fcd6f496194c</sp_widget>
        <sys_class_name>m2m_sp_widget_dependency</sys_class_name>
        <sys_created_by>bkeener</sys_created_by>
        <sys_created_on>2018-08-16 15:17:46</sys_created_on>
        <sys_customer_update>false</sys_customer_update>
        <sys_id>3f2c5c10db4c2b0069d100b5ca961905</sys_id>
        <sys_mod_count>0</sys_mod_count>
        <sys_name>Discover Tasker SP Dependency.Document Integrator SharePoint Upload</sys_name>
        <sys_package display_value="DocIntegrator" source="x_dtll2_contentint">5f1c2992db8e130069d100b5ca96195f</sys_package>
        <sys_policy/>
        <sys_replace_on_upgrade>false</sys_replace_on_upgrade>
        <sys_scope display_value="DocIntegrator">5f1c2992db8e130069d100b5ca96195f</sys_scope>
        <sys_update_name>m2m_sp_widget_dependency_3f2c5c10db4c2b0069d100b5ca961905</sys_update_name>
        <sys_updated_by>bkeener</sys_updated_by>
        <sys_updated_on>2018-08-16 15:17:46</sys_updated_on>
    </m2m_sp_widget_dependency>
</record_update>
