<?xml version="1.0" encoding="UTF-8"?><record_update table="m2m_sp_ng_pro_sp_widget">
    <m2m_sp_ng_pro_sp_widget action="INSERT_OR_UPDATE">
        <sp_angular_provider display_value="spAttachmentManager">06e836f0d722120023c84f80de6103a1</sp_angular_provider>
        <sp_widget display_value="Document Integration Item Form">7c8abd1edb17db0069d100b5ca961920</sp_widget>
        <sys_class_name>m2m_sp_ng_pro_sp_widget</sys_class_name>
        <sys_created_by>dshilkret</sys_created_by>
        <sys_created_on>2018-07-16 20:30:39</sys_created_on>
        <sys_customer_update>false</sys_customer_update>
        <sys_id>f88abd1edb17db0069d100b5ca961926</sys_id>
        <sys_mod_count>0</sys_mod_count>
        <sys_name>spAttachmentManager.ContentIntegration Item Form</sys_name>
        <sys_package display_value="DocIntegrator" source="x_dtll2_contentint">5f1c2992db8e130069d100b5ca96195f</sys_package>
        <sys_policy/>
        <sys_replace_on_upgrade>false</sys_replace_on_upgrade>
        <sys_scope display_value="DocIntegrator">5f1c2992db8e130069d100b5ca96195f</sys_scope>
        <sys_update_name>m2m_sp_ng_pro_sp_widget_f88abd1edb17db0069d100b5ca961926</sys_update_name>
        <sys_updated_by>dshilkret</sys_updated_by>
        <sys_updated_on>2018-07-16 20:30:39</sys_updated_on>
    </m2m_sp_ng_pro_sp_widget>
</record_update>
