<?xml version="1.0" encoding="UTF-8"?><record_update table="m2m_sp_dependency_js_include">
    <m2m_sp_dependency_js_include action="INSERT_OR_UPDATE">
        <order>100</order>
        <sp_dependency display_value="Discover Tasker SP Dependency">a324dccedb3f170069d100b5ca961947</sp_dependency>
        <sp_js_include display_value="Discover Tasker ADAL v1.0.17">93a69842db7f170069d100b5ca9619da</sp_js_include>
        <sys_class_name>m2m_sp_dependency_js_include</sys_class_name>
        <sys_created_by>bkeener</sys_created_by>
        <sys_created_on>2018-08-09 15:10:36</sys_created_on>
        <sys_customer_update>false</sys_customer_update>
        <sys_id>a667dc42db7f170069d100b5ca961923</sys_id>
        <sys_mod_count>0</sys_mod_count>
        <sys_name>Discover Tasker SP Dependency.Discover Tasker ADAL v1.0.17</sys_name>
        <sys_package display_value="DocIntegrator" source="x_dtll2_contentint">5f1c2992db8e130069d100b5ca96195f</sys_package>
        <sys_policy/>
        <sys_replace_on_upgrade>false</sys_replace_on_upgrade>
        <sys_scope display_value="DocIntegrator">5f1c2992db8e130069d100b5ca96195f</sys_scope>
        <sys_update_name>m2m_sp_dependency_js_include_a667dc42db7f170069d100b5ca961923</sys_update_name>
        <sys_updated_by>bkeener</sys_updated_by>
        <sys_updated_on>2018-08-09 15:10:36</sys_updated_on>
    </m2m_sp_dependency_js_include>
</record_update>
