<?xml version="1.0" encoding="UTF-8"?><record_update table="oauth_entity">
    <oauth_entity action="INSERT_OR_UPDATE">
        <access>public</access>
        <access_token_lifespan>1800</access_token_lifespan>
        <active>true</active>
        <auth_code_lifespan>0</auth_code_lifespan>
        <auth_url>https://login.microsoftonline.com/587cd110-e2a2-4a65-b0ff-c0761281fb9e/oauth2/authorize</auth_url>
        <certificate_url/>
        <client_id>787464b7-b766-4b37-b10c-18b665d1ceb6</client_id>
        <client_secret>d86cYYl9ozA9SSxtteB/WLDeJYA7pHHVHd74y+jcUb/cgw9jQOwi2I76PPg4Lr3x</client_secret>
        <client_uuid>a0b1e643db2fd30069d100b5ca96193f</client_uuid>
        <comments/>
        <default_grant_type>authorization_code</default_grant_type>
        <id_token_lifespan>0</id_token_lifespan>
        <logo_url/>
        <message_signature_lifespan>0</message_signature_lifespan>
        <name>sdev2 copy</name>
        <oauth_api_script/>
        <protocol_name/>
        <redirect_url>https://ven02388.service-now.com/oauth_redirect.do</redirect_url>
        <refresh_token_lifespan>8640000</refresh_token_lifespan>
        <revoke_token_url/>
        <salt>0</salt>
        <sys_class_name>oauth_entity</sys_class_name>
        <sys_created_by>btoole</sys_created_by>
        <sys_created_on>2018-07-31 17:34:17</sys_created_on>
        <sys_customer_update>false</sys_customer_update>
        <sys_id>24b1e643db2fd30069d100b5ca96193f</sys_id>
        <sys_mod_count>1</sys_mod_count>
        <sys_name>sdev2 copy</sys_name>
        <sys_package display_value="DocIntegrator" source="x_dtll2_contentint">5f1c2992db8e130069d100b5ca96195f</sys_package>
        <sys_policy/>
        <sys_replace_on_upgrade>false</sys_replace_on_upgrade>
        <sys_scope display_value="DocIntegrator">5f1c2992db8e130069d100b5ca96195f</sys_scope>
        <sys_update_name>oauth_entity_24b1e643db2fd30069d100b5ca96193f</sys_update_name>
        <sys_updated_by>btoole</sys_updated_by>
        <sys_updated_on>2018-07-31 17:34:36</sys_updated_on>
        <token_url>https://login.microsoftonline.com/587cd110-e2a2-4a65-b0ff-c0761281fb9e/oauth2/token</token_url>
        <type>oauth_provider</type>
        <use_mutual_auth>false</use_mutual_auth>
        <user/>
    </oauth_entity>
</record_update>
