<?xml version="1.0" encoding="UTF-8"?><record_update table="oauth_entity">
    <oauth_entity action="INSERT_OR_UPDATE">
        <access>public</access>
        <access_token_lifespan>1800</access_token_lifespan>
        <active>true</active>
        <auth_code_lifespan>0</auth_code_lifespan>
        <auth_url>https://login.microsoftonline.com/587cd110-e2a2-4a65-b0ff-c0761281fb9e/oauth2/authorize</auth_url>
        <certificate_url/>
        <client_id>2a85c9dc-6a31-4a58-9497-e2902da72bb8</client_id>
        <client_secret>kWIBo3PzTMogy8vutmfFbsPX8j6SFVA9Z+oBKJ+BSpffCuk9V71N3lspPlyAZiRJ</client_secret>
        <client_uuid>ee595befdb62934069d100b5ca96199d</client_uuid>
        <comments/>
        <default_grant_type>client_credentials</default_grant_type>
        <id_token_lifespan>0</id_token_lifespan>
        <logo_url/>
        <message_signature_lifespan>0</message_signature_lifespan>
        <name>sdev2</name>
        <oauth_api_script/>
        <protocol_name/>
        <redirect_url>https://ven02388.service-now.com/oauth_redirect.do</redirect_url>
        <refresh_token_lifespan>8640000</refresh_token_lifespan>
        <revoke_token_url/>
        <salt>0</salt>
        <sys_class_name>oauth_entity</sys_class_name>
        <sys_created_by>dshilkret</sys_created_by>
        <sys_created_on>2018-06-13 17:51:56</sys_created_on>
        <sys_customer_update>false</sys_customer_update>
        <sys_id>62595befdb62934069d100b5ca9619af</sys_id>
        <sys_mod_count>1</sys_mod_count>
        <sys_name>sdev2</sys_name>
        <sys_package display_value="DocIntegrator" source="x_dtll2_contentint">5f1c2992db8e130069d100b5ca96195f</sys_package>
        <sys_policy/>
        <sys_replace_on_upgrade>false</sys_replace_on_upgrade>
        <sys_scope display_value="DocIntegrator">5f1c2992db8e130069d100b5ca96195f</sys_scope>
        <sys_update_name>oauth_entity_62595befdb62934069d100b5ca9619af</sys_update_name>
        <sys_updated_by>dshilkret</sys_updated_by>
        <sys_updated_on>2018-06-19 16:23:32</sys_updated_on>
        <token_url>https://login.microsoftonline.com/587cd110-e2a2-4a65-b0ff-c0761281fb9e/oauth2/token</token_url>
        <type>oauth_provider</type>
        <use_mutual_auth>false</use_mutual_auth>
        <user/>
    </oauth_entity>
</record_update>
