<?xml version="1.0" encoding="UTF-8"?><record_update table="oauth_entity_profile">
    <oauth_entity_profile action="INSERT_OR_UPDATE">
        <default>true</default>
        <grant_type>authorization_code</grant_type>
        <name>sdev2 copy default_profile</name>
        <oauth_entity display_value="sdev2 copy">24b1e643db2fd30069d100b5ca96193f</oauth_entity>
        <sys_class_name>oauth_entity_profile</sys_class_name>
        <sys_created_by>btoole</sys_created_by>
        <sys_created_on>2018-07-31 17:34:17</sys_created_on>
        <sys_customer_update>false</sys_customer_update>
        <sys_id>9bf1a643db2fd30069d100b5ca9619da</sys_id>
        <sys_mod_count>0</sys_mod_count>
        <sys_name>sdev2 copy default_profile</sys_name>
        <sys_package display_value="DocIntegrator" source="x_dtll2_contentint">5f1c2992db8e130069d100b5ca96195f</sys_package>
        <sys_policy/>
        <sys_replace_on_upgrade>false</sys_replace_on_upgrade>
        <sys_scope display_value="DocIntegrator">5f1c2992db8e130069d100b5ca96195f</sys_scope>
        <sys_update_name>oauth_entity_profile_9bf1a643db2fd30069d100b5ca9619da</sys_update_name>
        <sys_updated_by>btoole</sys_updated_by>
        <sys_updated_on>2018-07-31 17:34:17</sys_updated_on>
    </oauth_entity_profile>
</record_update>
