<?xml version="1.0" encoding="UTF-8"?><record_update table="oauth_entity_profile">
    <oauth_entity_profile action="INSERT_OR_UPDATE">
        <default>true</default>
        <grant_type>client_credentials</grant_type>
        <name>ContentIntegration_getSPDocuments default_profile</name>
        <oauth_entity display_value="ContentIntegration_getSPDocuments">f70487f4db5e13402372e1d3ca961990</oauth_entity>
        <sys_class_name>oauth_entity_profile</sys_class_name>
        <sys_created_by>dshilkret</sys_created_by>
        <sys_created_on>2018-05-23 17:01:21</sys_created_on>
        <sys_customer_update>false</sys_customer_update>
        <sys_id>a4c4c338db5e13402372e1d3ca9619f8</sys_id>
        <sys_mod_count>1</sys_mod_count>
        <sys_name>ContentIntegration_getSPDocuments default_profile</sys_name>
        <sys_package display_value="DocIntegrator" source="x_dtll2_contentint">5f1c2992db8e130069d100b5ca96195f</sys_package>
        <sys_policy/>
        <sys_replace_on_upgrade>false</sys_replace_on_upgrade>
        <sys_scope display_value="DocIntegrator">5f1c2992db8e130069d100b5ca96195f</sys_scope>
        <sys_update_name>oauth_entity_profile_a4c4c338db5e13402372e1d3ca9619f8</sys_update_name>
        <sys_updated_by>dshilkret</sys_updated_by>
        <sys_updated_on>2018-05-23 17:02:04</sys_updated_on>
    </oauth_entity_profile>
</record_update>
