<?xml version="1.0" encoding="UTF-8"?><record_update table="sp_angular_provider">
    <sp_angular_provider action="INSERT_OR_UPDATE">
        <name>spCreateUploadSession</name>
        <script><![CDATA[function spCreateUploadSession(){

 this.uploadSP = function(token, url, properties, header){

    var body =  JSON.parse(properties['x_dtll2_contentint.sp_file_conflict']); 
    
			$.ajax({
                    type: "POST",
                 
                    url: url, 
                    headers: header,
                    body: body

                }).done(function (response) {
                    console.log("Successfully got upload session.");
                    console.log(response);

                    var uploadUrl = response.uploadUrl;
                    return uploadUrl;
                    


                    

                }).fail(function (response) {
                  return console.log("Could not get upload session: " + response.responseText);
                    
                });
					return console.log("Done");
				 };
  


}

]]></script>
        <sys_class_name>sp_angular_provider</sys_class_name>
        <sys_created_by>dshilkret</sys_created_by>
        <sys_created_on>2018-07-12 16:59:54</sys_created_on>
        <sys_customer_update>false</sys_customer_update>
        <sys_id>41d3e4c1db9f1b0069d100b5ca96193f</sys_id>
        <sys_mod_count>2</sys_mod_count>
        <sys_name>spCreateUploadSession</sys_name>
        <sys_package display_value="DocIntegrator" source="x_dtll2_contentint">5f1c2992db8e130069d100b5ca96195f</sys_package>
        <sys_policy/>
        <sys_replace_on_upgrade>false</sys_replace_on_upgrade>
        <sys_scope display_value="DocIntegrator">5f1c2992db8e130069d100b5ca96195f</sys_scope>
        <sys_update_name>sp_angular_provider_41d3e4c1db9f1b0069d100b5ca96193f</sys_update_name>
        <sys_updated_by>btoole</sys_updated_by>
        <sys_updated_on>2018-07-24 17:03:13</sys_updated_on>
        <type>service</type>
    </sp_angular_provider>
</record_update>
