<?xml version="1.0" encoding="UTF-8"?><record_update table="sp_container">
    <sp_container action="INSERT_OR_UPDATE">
        <background_color/>
        <background_image/>
        <background_style>default</background_style>
        <bootstrap_alt>false</bootstrap_alt>
        <class_name/>
        <container_class_name/>
        <name>Document Integration 3 Column Layout - Container 1</name>
        <order>1</order>
        <sp_page display_value="contentintegration_3_column_layout">a28f2492db93db0069d100b5ca96190c</sp_page>
        <subheader>false</subheader>
        <sys_class_name>sp_container</sys_class_name>
        <sys_created_by>dshilkret</sys_created_by>
        <sys_created_on>2018-07-16 15:03:05</sys_created_on>
        <sys_customer_update>false</sys_customer_update>
        <sys_id>e68f2492db93db0069d100b5ca96190e</sys_id>
        <sys_mod_count>4</sys_mod_count>
        <sys_name>Document Integration 3 Column Layout - Container 1</sys_name>
        <sys_package display_value="DocIntegrator" source="x_dtll2_contentint">5f1c2992db8e130069d100b5ca96195f</sys_package>
        <sys_policy/>
        <sys_replace_on_upgrade>false</sys_replace_on_upgrade>
        <sys_scope display_value="DocIntegrator">5f1c2992db8e130069d100b5ca96195f</sys_scope>
        <sys_update_name>sp_container_e68f2492db93db0069d100b5ca96190e</sys_update_name>
        <sys_updated_by>bkeener</sys_updated_by>
        <sys_updated_on>2018-07-26 14:12:25</sys_updated_on>
        <title/>
        <width>container-fluid</width>
    </sp_container>
</record_update>
