<?xml version="1.0" encoding="UTF-8"?><record_update table="sp_column">
    <sp_column action="INSERT_OR_UPDATE">
        <class_name/>
        <order>3</order>
        <size>4</size>
        <size_lg/>
        <size_sm/>
        <size_xs/>
        <sp_row display_value="1">268f2492db93db0069d100b5ca961910</sp_row>
        <sys_class_name>sp_column</sys_class_name>
        <sys_created_by>dshilkret</sys_created_by>
        <sys_created_on>2018-07-16 15:03:06</sys_created_on>
        <sys_customer_update>false</sys_customer_update>
        <sys_id>a68f20d2db93db0069d100b5ca9619e0</sys_id>
        <sys_mod_count>0</sys_mod_count>
        <sys_name>3</sys_name>
        <sys_package display_value="DocIntegrator" source="x_dtll2_contentint">5f1c2992db8e130069d100b5ca96195f</sys_package>
        <sys_policy/>
        <sys_replace_on_upgrade>false</sys_replace_on_upgrade>
        <sys_scope display_value="DocIntegrator">5f1c2992db8e130069d100b5ca96195f</sys_scope>
        <sys_update_name>sp_column_a68f20d2db93db0069d100b5ca9619e0</sys_update_name>
        <sys_updated_by>dshilkret</sys_updated_by>
        <sys_updated_on>2018-07-16 15:03:06</sys_updated_on>
    </sp_column>
</record_update>
