<?xml version="1.0" encoding="UTF-8"?><record_update table="sp_column">
    <sp_column action="INSERT_OR_UPDATE">
        <class_name/>
        <order>1</order>
        <size>12</size>
        <size_lg/>
        <size_sm/>
        <size_xs/>
        <sp_row display_value="1">b5b8b9b9dbbceb0069d100b5ca96194b</sp_row>
        <sys_class_name>sp_column</sys_class_name>
        <sys_created_by>ktorres</sys_created_by>
        <sys_created_on>2018-09-27 20:40:02</sys_created_on>
        <sys_customer_update>false</sys_customer_update>
        <sys_id>bdb8b9b9dbbceb0069d100b5ca96194c</sys_id>
        <sys_mod_count>0</sys_mod_count>
        <sys_name>1</sys_name>
        <sys_package display_value="DocIntegrator" source="x_dtll2_contentint">5f1c2992db8e130069d100b5ca96195f</sys_package>
        <sys_policy/>
        <sys_replace_on_upgrade>false</sys_replace_on_upgrade>
        <sys_scope display_value="DocIntegrator">5f1c2992db8e130069d100b5ca96195f</sys_scope>
        <sys_update_name>sp_column_bdb8b9b9dbbceb0069d100b5ca96194c</sys_update_name>
        <sys_updated_by>ktorres</sys_updated_by>
        <sys_updated_on>2018-09-27 20:40:02</sys_updated_on>
    </sp_column>
</record_update>
