<?xml version="1.0" encoding="UTF-8"?><record_update table="sp_instance">
    <sp_instance action="INSERT_OR_UPDATE">
        <active>true</active>
        <class_name/>
        <color>default</color>
        <css/>
        <glyph/>
        <id/>
        <order>0</order>
        <roles/>
        <short_description/>
        <size>md</size>
        <sp_column display_value="3">a68f20d2db93db0069d100b5ca9619e0</sp_column>
        <sp_widget display_value="Document Integration Document Preview">f8b67096db93db0069d100b5ca96191a</sp_widget>
        <sys_class_name>sp_instance</sys_class_name>
        <sys_created_by>dshilkret</sys_created_by>
        <sys_created_on>2018-07-16 15:48:39</sys_created_on>
        <sys_customer_update>false</sys_customer_update>
        <sys_id>0af9381adb93db0069d100b5ca96197b</sys_id>
        <sys_mod_count>42</sys_mod_count>
        <sys_name/>
        <sys_package display_value="DocIntegrator" source="x_dtll2_contentint">5f1c2992db8e130069d100b5ca96195f</sys_package>
        <sys_policy/>
        <sys_replace_on_upgrade>false</sys_replace_on_upgrade>
        <sys_scope display_value="DocIntegrator">5f1c2992db8e130069d100b5ca96195f</sys_scope>
        <sys_update_name>sp_instance_0af9381adb93db0069d100b5ca96197b</sys_update_name>
        <sys_updated_by>bkeener</sys_updated_by>
        <sys_updated_on>2018-09-07 15:41:04</sys_updated_on>
        <title/>
        <url/>
        <widget_parameters><![CDATA[{
	"disableUIActions": {
		"value": "",
		"displayValue": ""
	},
	"showFormView": {
		"value": "",
		"displayValue": ""
	},
	"omitHeaderOptions": {
		"value": "",
		"displayValue": ""
	},
	"columns_to_show": {
		"value": "IncidentID,Created",
		"displayValue": "IncidentID,Created"
	},
	"disable_iframe": {
		"value": "true",
		"displayValue": "true"
	}
}]]></widget_parameters>
    </sp_instance>
</record_update>
