<?xml version="1.0" encoding="UTF-8"?><record_update table="sp_instance_table">
    <sp_instance_table action="INSERT_OR_UPDATE">
        <active>true</active>
        <class_name/>
        <color>default</color>
        <css/>
        <display_field/>
        <field_list>number,short_description</field_list>
        <filter/>
        <glyph/>
        <id/>
        <maximum_entries>10</maximum_entries>
        <order>0</order>
        <order_by/>
        <order_direction>asc</order_direction>
        <roles/>
        <short_description/>
        <size>md</size>
        <sp_column display_value="1">228f2492db93db0069d100b5ca961912</sp_column>
        <sp_page display_value="contentintegration_3_column_layout">a28f2492db93db0069d100b5ca96190c</sp_page>
        <sp_widget display_value="Data Table from Instance Definition">38058ff1cb11020000f8d856634c9c8c</sp_widget>
        <sys_class_name>sp_instance_table</sys_class_name>
        <sys_created_by>bkeener</sys_created_by>
        <sys_created_on>2018-09-06 21:27:27</sys_created_on>
        <sys_customer_update>false</sys_customer_update>
        <sys_id>cc3afd87db10e74069d100b5ca96194d</sys_id>
        <sys_mod_count>4</sys_mod_count>
        <sys_name/>
        <sys_package display_value="DocIntegrator" source="x_dtll2_contentint">5f1c2992db8e130069d100b5ca96195f</sys_package>
        <sys_policy/>
        <sys_replace_on_upgrade>false</sys_replace_on_upgrade>
        <sys_scope display_value="DocIntegrator">5f1c2992db8e130069d100b5ca96195f</sys_scope>
        <sys_update_name>sp_instance_table_cc3afd87db10e74069d100b5ca96194d</sys_update_name>
        <sys_updated_by>bkeener</sys_updated_by>
        <sys_updated_on>2018-09-06 21:31:56</sys_updated_on>
        <table>incident</table>
        <title/>
        <url/>
        <widget_parameters/>
    </sp_instance_table>
</record_update>
