<?xml version="1.0" encoding="UTF-8"?><record_update table="sp_instance">
    <sp_instance action="INSERT_OR_UPDATE">
        <active>true</active>
        <class_name/>
        <color>default</color>
        <css/>
        <glyph/>
        <id/>
        <order>0</order>
        <roles/>
        <short_description/>
        <size>md</size>
        <sp_column display_value="2">228f20d2db93db0069d100b5ca9619dd</sp_column>
        <sp_widget display_value="Document Integration Item Form">7c8abd1edb17db0069d100b5ca961920</sp_widget>
        <sys_class_name>sp_instance</sys_class_name>
        <sys_created_by>dshilkret</sys_created_by>
        <sys_created_on>2018-07-16 15:03:06</sys_created_on>
        <sys_customer_update>false</sys_customer_update>
        <sys_id>2a8f20d2db93db0069d100b5ca9619de</sys_id>
        <sys_mod_count>26</sys_mod_count>
        <sys_name/>
        <sys_package display_value="DocIntegrator" source="x_dtll2_contentint">5f1c2992db8e130069d100b5ca96195f</sys_package>
        <sys_policy/>
        <sys_replace_on_upgrade>false</sys_replace_on_upgrade>
        <sys_scope display_value="DocIntegrator">5f1c2992db8e130069d100b5ca96195f</sys_scope>
        <sys_update_name>sp_instance_2a8f20d2db93db0069d100b5ca9619de</sys_update_name>
        <sys_updated_by>bkeener</sys_updated_by>
        <sys_updated_on>2018-08-24 16:46:51</sys_updated_on>
        <title/>
        <url/>
        <widget_parameters><![CDATA[{
	"disableUIActions": {
		"value": "",
		"displayValue": ""
	},
	"showFormView": {
		"value": "",
		"displayValue": ""
	},
	"omitHeaderOptions": {
		"value": "",
		"displayValue": ""
	},
	"empty_state_template": {
		"value": "",
		"displayValue": ""
	},
	"sp_doc_tab_visible": {
		"value": "true",
		"displayValue": "true"
	},
	"tasker_attachments_visible": {
		"value": "false",
		"displayValue": "false"
	},
	"view": {
		"value": "",
		"displayValue": ""
	}
}]]></widget_parameters>
    </sp_instance>
</record_update>
