<?xml version="1.0" encoding="UTF-8"?><record_update table="sp_js_include">
    <sp_js_include action="INSERT_OR_UPDATE">
        <display_name>Discover Tasker ADAL-Angular v1.0.17</display_name>
        <source>local</source>
        <sys_class_name>sp_js_include</sys_class_name>
        <sys_created_by>bkeener</sys_created_by>
        <sys_created_on>2018-08-09 15:11:23</sys_created_on>
        <sys_customer_update>false</sys_customer_update>
        <sys_id>8287dc42db7f170069d100b5ca9619ec</sys_id>
        <sys_mod_count>1</sys_mod_count>
        <sys_name>Discover Tasker ADAL-Angular v1.0.17</sys_name>
        <sys_package display_value="DocIntegrator" source="x_dtll2_contentint">5f1c2992db8e130069d100b5ca96195f</sys_package>
        <sys_policy/>
        <sys_replace_on_upgrade>false</sys_replace_on_upgrade>
        <sys_scope display_value="DocIntegrator">5f1c2992db8e130069d100b5ca96195f</sys_scope>
        <sys_ui_script display_value="x_dtll2_contentint.adal-angular.js v1.0.">d9b68e13db7bdb001919fcd6f49619bd</sys_ui_script>
        <sys_update_name>sp_js_include_8287dc42db7f170069d100b5ca9619ec</sys_update_name>
        <sys_updated_by>bkeener</sys_updated_by>
        <sys_updated_on>2018-08-16 15:15:48</sys_updated_on>
        <url/>
    </sp_js_include>
</record_update>
