<?xml version="1.0" encoding="UTF-8"?><record_update table="sp_page">
    <sp_page action="INSERT_OR_UPDATE">
        <category>custom</category>
        <css/>
        <draft>false</draft>
        <dynamic_title_structure/>
        <id>contentintegration_support</id>
        <internal>false</internal>
        <public>false</public>
        <roles>x_dtll2_contentint.contentintegration_task_user,x_dtll2_contentint.contentintegration_document_user</roles>
        <short_description>Document Integration Support</short_description>
        <sys_class_name>sp_page</sys_class_name>
        <sys_created_by>ktorres</sys_created_by>
        <sys_created_on>2018-09-27 20:40:01</sys_created_on>
        <sys_customer_update>false</sys_customer_update>
        <sys_id>7db8f5b9dbbceb0069d100b5ca96199b</sys_id>
        <sys_mod_count>1</sys_mod_count>
        <sys_name>contentintegration_support</sys_name>
        <sys_package display_value="DocIntegrator" source="x_dtll2_contentint">5f1c2992db8e130069d100b5ca96195f</sys_package>
        <sys_policy>protected</sys_policy>
        <sys_replace_on_upgrade>false</sys_replace_on_upgrade>
        <sys_scope display_value="DocIntegrator">5f1c2992db8e130069d100b5ca96195f</sys_scope>
        <sys_update_name>sp_page_7db8f5b9dbbceb0069d100b5ca96199b</sys_update_name>
        <sys_updated_by>ktorres</sys_updated_by>
        <sys_updated_on>2018-09-27 20:40:30</sys_updated_on>
        <title>Document Integration Support</title>
    </sp_page>
</record_update>
