<?xml version="1.0" encoding="UTF-8"?><record_update table="sp_page">
    <sp_page action="INSERT_OR_UPDATE">
        <category>custom</category>
        <css/>
        <draft>false</draft>
        <dynamic_title_structure/>
        <id>contentintegration_2_column_layout</id>
        <internal>false</internal>
        <public>false</public>
        <roles>x_dtll2_contentint.contentintegration_task_user,x_dtll2_contentint.contentintegration_document_user</roles>
        <short_description>Cloned Copy of Contentintegratino Page - MVP Sprint</short_description>
        <sys_class_name>sp_page</sys_class_name>
        <sys_created_by>bkeener</sys_created_by>
        <sys_created_on>2018-07-23 23:24:03</sys_created_on>
        <sys_customer_update>false</sys_customer_update>
        <sys_id>4555aaa8db2fdb001919fcd6f49619b8</sys_id>
        <sys_mod_count>3</sys_mod_count>
        <sys_name>contentintegration_2_column_layout</sys_name>
        <sys_package display_value="DocIntegrator" source="x_dtll2_contentint">5f1c2992db8e130069d100b5ca96195f</sys_package>
        <sys_policy>protected</sys_policy>
        <sys_replace_on_upgrade>false</sys_replace_on_upgrade>
        <sys_scope display_value="DocIntegrator">5f1c2992db8e130069d100b5ca96195f</sys_scope>
        <sys_update_name>sp_page_4555aaa8db2fdb001919fcd6f49619b8</sys_update_name>
        <sys_updated_by>bkeener</sys_updated_by>
        <sys_updated_on>2018-07-26 14:11:59</sys_updated_on>
        <title>Document Integration 2 Column Layout</title>
    </sp_page>
</record_update>
