<?xml version="1.0" encoding="UTF-8"?><record_update table="sp_row">
    <sp_row action="INSERT_OR_UPDATE">
        <class_name/>
        <order>1</order>
        <sp_column/>
        <sp_container display_value="Document Integration 2 Column Layout - Container 1">4955aaa8db2fdb001919fcd6f49619ba</sp_container>
        <sys_class_name>sp_row</sys_class_name>
        <sys_created_by>bkeener</sys_created_by>
        <sys_created_on>2018-07-23 23:25:55</sys_created_on>
        <sys_customer_update>false</sys_customer_update>
        <sys_id>a8c5a6e8db2fdb001919fcd6f4961911</sys_id>
        <sys_mod_count>1</sys_mod_count>
        <sys_name>1</sys_name>
        <sys_package display_value="DocIntegrator" source="x_dtll2_contentint">5f1c2992db8e130069d100b5ca96195f</sys_package>
        <sys_policy/>
        <sys_replace_on_upgrade>false</sys_replace_on_upgrade>
        <sys_scope display_value="DocIntegrator">5f1c2992db8e130069d100b5ca96195f</sys_scope>
        <sys_update_name>sp_row_a8c5a6e8db2fdb001919fcd6f4961911</sys_update_name>
        <sys_updated_by>bkeener</sys_updated_by>
        <sys_updated_on>2018-07-23 23:26:05</sys_updated_on>
    </sp_row>
</record_update>
