<?xml version="1.0" encoding="UTF-8"?><record_update table="sp_row">
    <sp_row action="INSERT_OR_UPDATE">
        <class_name/>
        <order>1</order>
        <sp_column/>
        <sp_container display_value="Document Integration Support - Container 1">3db8f5b9dbbceb0069d100b5ca96199d</sp_container>
        <sys_class_name>sp_row</sys_class_name>
        <sys_created_by>ktorres</sys_created_by>
        <sys_created_on>2018-09-27 20:40:01</sys_created_on>
        <sys_customer_update>false</sys_customer_update>
        <sys_id>b5b8b9b9dbbceb0069d100b5ca96194b</sys_id>
        <sys_mod_count>0</sys_mod_count>
        <sys_name>1</sys_name>
        <sys_package display_value="DocIntegrator" source="x_dtll2_contentint">5f1c2992db8e130069d100b5ca96195f</sys_package>
        <sys_policy/>
        <sys_replace_on_upgrade>false</sys_replace_on_upgrade>
        <sys_scope display_value="DocIntegrator">5f1c2992db8e130069d100b5ca96195f</sys_scope>
        <sys_update_name>sp_row_b5b8b9b9dbbceb0069d100b5ca96194b</sys_update_name>
        <sys_updated_by>ktorres</sys_updated_by>
        <sys_updated_on>2018-09-27 20:40:01</sys_updated_on>
    </sp_row>
</record_update>
