<?xml version="1.0" encoding="UTF-8"?><record_update table="sys_properties_category">
    <sys_properties_category action="INSERT_OR_UPDATE">
        <name>DocInt - Tasker Integration Settings</name>
        <sys_class_name>sys_properties_category</sys_class_name>
        <sys_created_by>btoole</sys_created_by>
        <sys_created_on>2018-07-23 19:52:14</sys_created_on>
        <sys_customer_update>false</sys_customer_update>
        <sys_id>bda471acdbabdb001919fcd6f496193b</sys_id>
        <sys_mod_count>0</sys_mod_count>
        <sys_name>DocInt - Tasker Integration Settings</sys_name>
        <sys_package display_value="DocIntegrator" source="x_dtll2_contentint">5f1c2992db8e130069d100b5ca96195f</sys_package>
        <sys_policy/>
        <sys_replace_on_upgrade>false</sys_replace_on_upgrade>
        <sys_scope display_value="DocIntegrator">5f1c2992db8e130069d100b5ca96195f</sys_scope>
        <sys_update_name>sys_properties_category_bda471acdbabdb001919fcd6f496193b</sys_update_name>
        <sys_updated_by>btoole</sys_updated_by>
        <sys_updated_on>2018-07-23 19:52:14</sys_updated_on>
        <title><![CDATA[<p>These apply to settings that work with DiscoverTasker.</p>]]></title>
    </sys_properties_category>
    <sys_translated_text action="delete_multiple" query="documentkey=bda471acdbabdb001919fcd6f496193b"/>
</record_update>
