<?xml version="1.0" encoding="UTF-8"?><record_update sys_domain="global" table="sys_app_application">
    <sys_app_application action="INSERT_OR_UPDATE">
        <active>true</active>
        <category display_value="Custom Applications">e0355b31ef303000a61d5a3615c0fb78</category>
        <description/>
        <device_type>browser</device_type>
        <hint/>
        <name>ContentIntegration_Task</name>
        <order>100</order>
        <roles>x_dtll2_contentint.contentintegration_task_user</roles>
        <sys_class_name>sys_app_application</sys_class_name>
        <sys_created_by>dshilkret</sys_created_by>
        <sys_created_on>2018-05-15 16:10:56</sys_created_on>
        <sys_customer_update>false</sys_customer_update>
        <sys_domain>global</sys_domain>
        <sys_domain_path>/</sys_domain_path>
        <sys_id>bb7ca9d2db8e130069d100b5ca961975</sys_id>
        <sys_mod_count>4</sys_mod_count>
        <sys_name>DocIntegrator</sys_name>
        <sys_overrides/>
        <sys_package display_value="DocIntegrator" source="x_dtll2_contentint">5f1c2992db8e130069d100b5ca96195f</sys_package>
        <sys_policy/>
        <sys_replace_on_upgrade>false</sys_replace_on_upgrade>
        <sys_scope display_value="DocIntegrator">5f1c2992db8e130069d100b5ca96195f</sys_scope>
        <sys_update_name>sys_app_application_bb7ca9d2db8e130069d100b5ca961975</sys_update_name>
        <sys_updated_by>admin</sys_updated_by>
        <sys_updated_on>2018-09-27 05:54:38</sys_updated_on>
        <title>DocIntegrator</title>
        <view_name/>
    </sys_app_application>
</record_update>
