<?xml version="1.0" encoding="UTF-8"?><record_update>
    <sys_documentation element="url" label="." language="en" table="x_dtll2_contentint_contentintegration_document">
        <sys_documentation action="INSERT_OR_UPDATE">
            <element>url</element>
            <help/>
            <hint/>
            <label>.</label>
            <language>en</language>
            <name>x_dtll2_contentint_contentintegration_document</name>
            <plural>.s</plural>
            <sys_class_name>sys_documentation</sys_class_name>
            <sys_created_by>dshilkret</sys_created_by>
            <sys_created_on>2018-05-16 15:47:00</sys_created_on>
            <sys_customer_update>false</sys_customer_update>
            <sys_id>43903e6adbc6530069d100b5ca9619f3</sys_id>
            <sys_mod_count>11</sys_mod_count>
            <sys_name>.</sys_name>
            <sys_package display_value="DocIntegrator" source="x_dtll2_contentint">5f1c2992db8e130069d100b5ca96195f</sys_package>
            <sys_policy/>
            <sys_replace_on_upgrade>false</sys_replace_on_upgrade>
            <sys_scope display_value="DocIntegrator">5f1c2992db8e130069d100b5ca96195f</sys_scope>
            <sys_update_name>sys_documentation_x_dtll2_contentint_contentintegration_document_url_en</sys_update_name>
            <sys_updated_by>dshilkret</sys_updated_by>
            <sys_updated_on>2018-06-07 17:19:42</sys_updated_on>
            <url/>
            <url_target/>
        </sys_documentation>
    </sys_documentation>
</record_update>
