<?xml version="1.0" encoding="UTF-8"?><record_update table="sys_properties">
    <sys_properties action="INSERT_OR_UPDATE">
        <choices>FileLeafRef,TaskId,url</choices>
        <description>SharePoint Metadata Properties for inclusion in the document listing.</description>
        <ignore_cache>false</ignore_cache>
        <is_private>false</is_private>
        <name>x_dtll2_contentint.sp_col_array</name>
        <read_roles/>
        <suffix>sp_col_array</suffix>
        <sys_class_name>sys_properties</sys_class_name>
        <sys_created_by>bkeener</sys_created_by>
        <sys_created_on>2018-08-21 02:58:12</sys_created_on>
        <sys_customer_update>false</sys_customer_update>
        <sys_id>76c2e7e9db84eb0069d100b5ca9619cb</sys_id>
        <sys_mod_count>6</sys_mod_count>
        <sys_name>x_dtll2_contentint.sp_col_array</sys_name>
        <sys_package display_value="DocIntegrator" source="x_dtll2_contentint">5f1c2992db8e130069d100b5ca96195f</sys_package>
        <sys_policy/>
        <sys_replace_on_upgrade>false</sys_replace_on_upgrade>
        <sys_scope display_value="DocIntegrator">5f1c2992db8e130069d100b5ca96195f</sys_scope>
        <sys_update_name>sys_properties_76c2e7e9db84eb0069d100b5ca9619cb</sys_update_name>
        <sys_updated_by>bkeener</sys_updated_by>
        <sys_updated_on>2018-08-29 20:25:50</sys_updated_on>
        <type>string</type>
        <value>FileLeafRef,IncidentID,url</value>
        <write_roles/>
    </sys_properties>
    <sys_translated_text action="delete_multiple" query="documentkey=76c2e7e9db84eb0069d100b5ca9619cb"/>
</record_update>
