<?xml version="1.0" encoding="UTF-8"?><record_update table="sys_user_role">
    <sys_user_role action="INSERT_OR_UPDATE">
        <assignable_by/>
        <can_delegate>true</can_delegate>
        <description>Administrator account for DocIntegrator</description>
        <elevated_privilege>false</elevated_privilege>
        <encryption_context/>
        <grantable>true</grantable>
        <includes_roles/>
        <name>x_dtll2_contentint.DocIntegrator_Admin</name>
        <requires_subscription>-1</requires_subscription>
        <scoped_admin>false</scoped_admin>
        <suffix>DocIntegrator_Admin</suffix>
        <sys_class_name>sys_user_role</sys_class_name>
        <sys_created_by>bkeener</sys_created_by>
        <sys_created_on>2018-09-07 17:54:21</sys_created_on>
        <sys_customer_update>false</sys_customer_update>
        <sys_id>2b425e17db14230069d100b5ca9619fe</sys_id>
        <sys_mod_count>0</sys_mod_count>
        <sys_name>x_dtll2_contentint.DocIntegrator_Admin</sys_name>
        <sys_package display_value="DocIntegrator" source="x_dtll2_contentint">5f1c2992db8e130069d100b5ca96195f</sys_package>
        <sys_policy/>
        <sys_replace_on_upgrade>false</sys_replace_on_upgrade>
        <sys_scope display_value="DocIntegrator">5f1c2992db8e130069d100b5ca96195f</sys_scope>
        <sys_update_name>sys_user_role_2b425e17db14230069d100b5ca9619fe</sys_update_name>
        <sys_updated_by>bkeener</sys_updated_by>
        <sys_updated_on>2018-09-07 17:54:21</sys_updated_on>
    </sys_user_role>
</record_update>
