<?xml version="1.0" encoding="UTF-8"?><record_update table="sys_db_object">
    <sys_db_object action="INSERT_OR_UPDATE">
        <access>public</access>
        <actions_access>true</actions_access>
        <alter_access>true</alter_access>
        <client_scripts_access>true</client_scripts_access>
        <configuration_access>true</configuration_access>
        <create_access>true</create_access>
        <create_access_controls>true</create_access_controls>
        <delete_access>true</delete_access>
        <extension_model/>
        <is_extendable>true</is_extendable>
        <label>Tasks</label>
        <live_feed_enabled>false</live_feed_enabled>
        <name>x_dtll2_contentint_contentintegration_task</name>
        <number_ref/>
        <provider_class/>
        <read_access>true</read_access>
        <super_class display_value="Task" name="task">3b7df462db0013002372e1d3ca96195c</super_class>
        <sys_class_code/>
        <sys_class_name>sys_db_object</sys_class_name>
        <sys_class_path/>
        <sys_created_by>dshilkret</sys_created_by>
        <sys_created_on>2018-05-15 16:10:55</sys_created_on>
        <sys_customer_update>false</sys_customer_update>
        <sys_id>a75c2992db8e130069d100b5ca961964</sys_id>
        <sys_mod_count>3</sys_mod_count>
        <sys_name>Tasks</sys_name>
        <sys_package display_value="DocIntegrator" source="x_dtll2_contentint">5f1c2992db8e130069d100b5ca96195f</sys_package>
        <sys_policy/>
        <sys_replace_on_upgrade>false</sys_replace_on_upgrade>
        <sys_scope display_value="DocIntegrator">5f1c2992db8e130069d100b5ca96195f</sys_scope>
        <sys_update_name>sys_db_object_a75c2992db8e130069d100b5ca961964</sys_update_name>
        <sys_updated_by>admin</sys_updated_by>
        <sys_updated_on>2018-05-29 22:19:46</sys_updated_on>
        <update_access>true</update_access>
        <user_role display_value="x_dtll2_contentint.DocIntegrator_Task_User" name="x_dtll2_contentint.DocIntegrator_Task_User">b77c2992db8e130069d100b5ca961969</user_role>
        <ws_access>true</ws_access>
    </sys_db_object>
</record_update>
