<?xml version="1.0" encoding="UTF-8"?><record_update table="sys_properties">
    <sys_properties action="INSERT_OR_UPDATE">
        <choices>graph&#13;
rest</choices>
        <description>sets which SharePoint interface modes are used.  Graph is for O365 and the MS Graph API.  REST is for  On Prem or online REST API.</description>
        <ignore_cache>false</ignore_cache>
        <is_private>false</is_private>
        <name>x_dtll2_contentint.sp_interface</name>
        <read_roles>x_dtll2_contentint.contentintegration_task_user</read_roles>
        <suffix>sp_interface</suffix>
        <sys_class_name>sys_properties</sys_class_name>
        <sys_created_by>btoole</sys_created_by>
        <sys_created_on>2018-07-25 15:08:29</sys_created_on>
        <sys_customer_update>false</sys_customer_update>
        <sys_id>ccb68b05db6713001919fcd6f49619bc</sys_id>
        <sys_mod_count>23</sys_mod_count>
        <sys_name>x_dtll2_contentint.sp_interface</sys_name>
        <sys_package display_value="DocIntegrator" source="x_dtll2_contentint">5f1c2992db8e130069d100b5ca96195f</sys_package>
        <sys_policy/>
        <sys_replace_on_upgrade>false</sys_replace_on_upgrade>
        <sys_scope display_value="DocIntegrator">5f1c2992db8e130069d100b5ca96195f</sys_scope>
        <sys_update_name>sys_properties_ccb68b05db6713001919fcd6f49619bc</sys_update_name>
        <sys_updated_by>bkeener</sys_updated_by>
        <sys_updated_on>2018-08-31 15:36:48</sys_updated_on>
        <type>string</type>
        <value>rest</value>
        <write_roles>admin</write_roles>
    </sys_properties>
    <sys_translated_text action="delete_multiple" query="documentkey=ccb68b05db6713001919fcd6f49619bc"/>
</record_update>
