<?xml version="1.0" encoding="UTF-8"?><record_update sys_domain="global" table="sys_embedded_help_content">
    <sys_embedded_help_content action="INSERT_OR_UPDATE">
        <active>true</active>
        <category>service-catalog</category>
        <content><![CDATA[ <h1 class="title topictitle1">Service catalog properties</h1>  <div class="body conbody">  <p class="p">You can control the behavior of your Service Catalog using the properties that are made   available to you.</p>  <p class="p">The <span class="ph menucascade"><span class="ph uicontrol">Catalog Variables</span> &gt; <span class="ph uicontrol">Variable Default Size </span></span> submodule lets you configure the default width size for variables in all catalog   forms. The options include:</p>  <ul class="ul" id="zz_system_properties_ui-normal__ul_py1_jnx_rz"><li class="li">25%: Configures the variable to occupy 25% of the available screen size.</li><li class="li">50%: Configures the variable to occupy 50% of the available screen size.</li><li class="li">75%: Configures the variable to occupy 75% of the available screen size.</li><li class="li">100%: Configures the variable to occupy 100% of the available screen size.</li></ul>  <p class="p">You can override the default width of a variable. To do so, customize the width size of a   variable under <span class="ph uicontrol">Type Specifications</span> in the Variable form. </p> </div> <div class="related-links"><div class="relinfo"><div class="reltitle">Related information<br /><div><a class="link" href="https://docs.servicenow.com/?context&#61;CSHelp:Service-Catalog-Properties&amp;version&#61;jakarta" target="_blank" rel="nofollow">Service Catalog properties</a></div><div><a class="link" href="https://docs.servicenow.com/?context&#61;CSHelp:Configure-Default-Variable-Width&amp;version&#61;jakarta" target="_blank" rel="nofollow">Configure a default width for service catalog variables</a></div></div></div></div>]]></content>
        <last_sync>2018-10-28 14:16:04</last_sync>
        <modifier>normal</modifier>
        <name>$system_properties_ui-normal</name>
        <page>$system_properties_ui</page>
        <product>1</product>
        <qualifier/>
        <role/>
        <role_order>1000</role_order>
        <snc_created>true</snc_created>
        <sys_class_name>sys_embedded_help_content</sys_class_name>
        <sys_created_by>system</sys_created_by>
        <sys_created_on>2018-05-31 14:09:07</sys_created_on>
        <sys_customer_update>false</sys_customer_update>
        <sys_domain>global</sys_domain>
        <sys_domain_path>/</sys_domain_path>
        <sys_id>930a6757dbda57402372e1d3ca96196b</sys_id>
        <sys_mod_count>9</sys_mod_count>
        <sys_name>$system_properties_ui-normal</sys_name>
        <sys_package display_value="DocIntegrator" source="x_dtll2_contentint">5f1c2992db8e130069d100b5ca96195f</sys_package>
        <sys_policy/>
        <sys_replace_on_upgrade>false</sys_replace_on_upgrade>
        <sys_scope display_value="DocIntegrator">5f1c2992db8e130069d100b5ca96195f</sys_scope>
        <sys_update_name>sys_embedded_help_content_930a6757dbda57402372e1d3ca96196b</sys_update_name>
        <sys_updated_by>system</sys_updated_by>
        <sys_updated_on>2018-10-28 14:16:04</sys_updated_on>
        <version>j</version>
    </sys_embedded_help_content>
</record_update>
