<?xml version="1.0" encoding="UTF-8"?><record_update>
    <sys_documentation element="number_task" label="Task Number" language="en" table="x_dtll2_contentint_contentintegration_document">
        <sys_documentation action="INSERT_OR_UPDATE">
            <element>number_task</element>
            <help/>
            <hint/>
            <label>Task Number</label>
            <language>en</language>
            <name>x_dtll2_contentint_contentintegration_document</name>
            <plural>Task Numbers</plural>
            <sys_class_name>sys_documentation</sys_class_name>
            <sys_created_by>dshilkret</sys_created_by>
            <sys_created_on>2018-05-25 15:48:48</sys_created_on>
            <sys_customer_update>false</sys_customer_update>
            <sys_id>595745a5db1293402372e1d3ca961957</sys_id>
            <sys_mod_count>1</sys_mod_count>
            <sys_name>Task Number</sys_name>
            <sys_package display_value="DocIntegrator" source="x_dtll2_contentint">5f1c2992db8e130069d100b5ca96195f</sys_package>
            <sys_policy/>
            <sys_replace_on_upgrade>false</sys_replace_on_upgrade>
            <sys_scope display_value="DocIntegrator">5f1c2992db8e130069d100b5ca96195f</sys_scope>
            <sys_update_name>sys_documentation_x_dtll2_contentint_contentintegration_document_number_task_en</sys_update_name>
            <sys_updated_by>dshilkret</sys_updated_by>
            <sys_updated_on>2018-05-25 16:13:59</sys_updated_on>
            <url/>
            <url_target/>
        </sys_documentation>
    </sys_documentation>
</record_update>
