<?xml version="1.0" encoding="UTF-8"?><record_update table="sys_security_acl_role">
    <sys_security_acl_role action="INSERT_OR_UPDATE">
        <sys_class_name>sys_security_acl_role</sys_class_name>
        <sys_created_by>dshilkret</sys_created_by>
        <sys_created_on>2018-05-15 16:11:43</sys_created_on>
        <sys_customer_update>false</sys_customer_update>
        <sys_id>d7ac6dd2db8e130069d100b5ca9619cd</sys_id>
        <sys_mod_count>0</sys_mod_count>
        <sys_name>x_dtll2_contentint_contentintegration_document.x_dtll2_contentint.contentintegration_document_user</sys_name>
        <sys_package display_value="DocIntegrator" source="x_dtll2_contentint">5f1c2992db8e130069d100b5ca96195f</sys_package>
        <sys_policy/>
        <sys_replace_on_upgrade>false</sys_replace_on_upgrade>
        <sys_scope display_value="DocIntegrator">5f1c2992db8e130069d100b5ca96195f</sys_scope>
        <sys_security_acl display_value="x_dtll2_contentint_contentintegration_document">9fac6dd2db8e130069d100b5ca9619ca</sys_security_acl>
        <sys_update_name>sys_security_acl_role_d7ac6dd2db8e130069d100b5ca9619cd</sys_update_name>
        <sys_updated_by>dshilkret</sys_updated_by>
        <sys_updated_on>2018-05-15 16:11:43</sys_updated_on>
        <sys_user_role display_value="x_dtll2_contentint.DocIntegrator_Document_User" name="x_dtll2_contentint.DocIntegrator_Document_User">9baca592db8e130069d100b5ca9619bf</sys_user_role>
        <transaction_id/>
    </sys_security_acl_role>
</record_update>
