<?xml version="1.0" encoding="UTF-8"?><record_update table="sys_wizard_answer">
    <sys_wizard_answer action="INSERT_OR_UPDATE">
        <active>true</active>
        <answer>Tasks</answer>
        <button_label/>
        <dependent_value/>
        <element/>
        <name>Tasks</name>
        <next_question/>
        <order>100</order>
        <payload_name/>
        <question display_value="Task" name="Task">ff7df462db0013002372e1d3ca96195c</question>
        <roles/>
        <script/>
        <sys_class_name>sys_wizard_answer</sys_class_name>
        <sys_created_by>system</sys_created_by>
        <sys_created_on>2018-09-26 21:53:41</sys_created_on>
        <sys_customer_update>false</sys_customer_update>
        <sys_id>0bffb861db74eb0069d100b5ca961955</sys_id>
        <sys_mod_count>0</sys_mod_count>
        <sys_name>Tasks</sys_name>
        <sys_package display_value="DocIntegrator" source="x_dtll2_contentint">5f1c2992db8e130069d100b5ca96195f</sys_package>
        <sys_policy/>
        <sys_replace_on_upgrade>false</sys_replace_on_upgrade>
        <sys_scope display_value="DocIntegrator">5f1c2992db8e130069d100b5ca96195f</sys_scope>
        <sys_update_name>sys_wizard_answer_0bffb861db74eb0069d100b5ca961955</sys_update_name>
        <sys_updated_by>system</sys_updated_by>
        <sys_updated_on>2018-09-26 21:53:41</sys_updated_on>
        <table/>
        <target_url>x_dtll2_contentint_contentintegration_task.do</target_url>
        <type>1</type>
    </sys_wizard_answer>
</record_update>
