<?xml version="1.0" encoding="UTF-8"?><record_update sys_domain="global" table="sys_app_module">
    <sys_app_module action="INSERT_OR_UPDATE">
        <active>true</active>
        <application display_value="DocIntegrator">bb7ca9d2db8e130069d100b5ca961975</application>
        <assessment/>
        <content_page/>
        <device_type/>
        <filter/>
        <hint>Support</hint>
        <homepage/>
        <image/>
        <link_type>DIRECT</link_type>
        <map_page/>
        <mobile_title>Support</mobile_title>
        <mobile_view_name>Mobile</mobile_view_name>
        <name/>
        <order>400</order>
        <override_menu_roles>false</override_menu_roles>
        <query>/discoverdocintegratorportal?id=contentintegration_support</query>
        <report/>
        <roles>x_dtll2_contentint.DocIntegrator_Document_User</roles>
        <survey/>
        <survey_overwrite>true</survey_overwrite>
        <sys_class_name>sys_app_module</sys_class_name>
        <sys_created_by>ktorres</sys_created_by>
        <sys_created_on>2018-09-27 20:41:40</sys_created_on>
        <sys_customer_update>false</sys_customer_update>
        <sys_domain>global</sys_domain>
        <sys_domain_path>/</sys_domain_path>
        <sys_id>ce19f9b9dbbceb0069d100b5ca9619cc</sys_id>
        <sys_mod_count>2</sys_mod_count>
        <sys_name>Support</sys_name>
        <sys_overrides/>
        <sys_package display_value="DocIntegrator" source="x_dtll2_contentint">5f1c2992db8e130069d100b5ca96195f</sys_package>
        <sys_policy/>
        <sys_replace_on_upgrade>false</sys_replace_on_upgrade>
        <sys_scope display_value="DocIntegrator">5f1c2992db8e130069d100b5ca96195f</sys_scope>
        <sys_update_name>sys_app_module_ce19f9b9dbbceb0069d100b5ca9619cc</sys_update_name>
        <sys_updated_by>ktorres</sys_updated_by>
        <sys_updated_on>2018-09-28 15:45:00</sys_updated_on>
        <timeline_page/>
        <title>Support</title>
        <uncancelable>false</uncancelable>
        <view_name/>
        <window_name>Support</window_name>
    </sys_app_module>
</record_update>
