<?xml version="1.0" encoding="UTF-8"?><record_update table="sys_properties">
    <sys_properties action="INSERT_OR_UPDATE">
        <choices/>
        <description>Table used for data instance widget</description>
        <ignore_cache>false</ignore_cache>
        <is_private>false</is_private>
        <name>x_dtll2_contentint.data_inst_table</name>
        <read_roles>x_dtll2_contentint.contentintegration_task_user</read_roles>
        <suffix>data_inst_table</suffix>
        <sys_class_name>sys_properties</sys_class_name>
        <sys_created_by>btoole</sys_created_by>
        <sys_created_on>2018-07-23 20:32:07</sys_created_on>
        <sys_customer_update>false</sys_customer_update>
        <sys_id>99ed7d64dbebdb001919fcd6f49619c0</sys_id>
        <sys_mod_count>4</sys_mod_count>
        <sys_name>x_dtll2_contentint.data_inst_table</sys_name>
        <sys_package display_value="DocIntegrator" source="x_dtll2_contentint">5f1c2992db8e130069d100b5ca96195f</sys_package>
        <sys_policy/>
        <sys_replace_on_upgrade>false</sys_replace_on_upgrade>
        <sys_scope display_value="DocIntegrator">5f1c2992db8e130069d100b5ca96195f</sys_scope>
        <sys_update_name>sys_properties_99ed7d64dbebdb001919fcd6f49619c0</sys_update_name>
        <sys_updated_by>bkeener</sys_updated_by>
        <sys_updated_on>2018-08-28 14:39:34</sys_updated_on>
        <type>string</type>
        <value>incident</value>
        <write_roles>admin</write_roles>
    </sys_properties>
    <sys_translated_text action="delete_multiple" query="documentkey=99ed7d64dbebdb001919fcd6f49619c0"/>
</record_update>
