<?xml version="1.0" encoding="UTF-8"?><record_update>
    <sys_ui_list parent="x_dtll2_contentint_contentintegration_task" relationship="" sys_domain="global" table="x_dtll2_contentint_contentintegration_task" version="2" view="">
        <sys_ui_list action="INSERT_OR_UPDATE">
            <average_value>false</average_value>
            <element/>
            <max_value>false</max_value>
            <min_value>false</min_value>
            <name>x_dtll2_contentint_contentintegration_task</name>
            <parent>x_dtll2_contentint_contentintegration_task</parent>
            <position/>
            <relationship/>
            <sum>false</sum>
            <sys_class_name>sys_ui_list</sys_class_name>
            <sys_created_by>admin</sys_created_by>
            <sys_created_on>2018-05-29 22:17:01</sys_created_on>
            <sys_customer_update>false</sys_customer_update>
            <sys_domain>global</sys_domain>
            <sys_domain_path>/</sys_domain_path>
            <sys_id>47864bbedb5a17402372e1d3ca9619a6</sys_id>
            <sys_mod_count>0</sys_mod_count>
            <sys_name>x_dtll2_contentint_contentintegration_task</sys_name>
            <sys_package display_value="DocIntegrator" source="x_dtll2_contentint">5f1c2992db8e130069d100b5ca96195f</sys_package>
            <sys_policy/>
            <sys_replace_on_upgrade>false</sys_replace_on_upgrade>
            <sys_scope display_value="DocIntegrator">5f1c2992db8e130069d100b5ca96195f</sys_scope>
            <sys_update_name>sys_ui_list_x_dtll2_contentint_contentintegration_task_x_dtll2_contentint_contentintegration_task_null</sys_update_name>
            <sys_updated_by>admin</sys_updated_by>
            <sys_updated_on>2018-05-29 22:17:01</sys_updated_on>
            <sys_user display_value="System Administrator">6816f79cc0a8016401c5a33be04be441</sys_user>
            <view display_value="Default view" name="NULL">Default view</view>
            <view_name/>
        </sys_ui_list>
    </sys_ui_list>
</record_update>
