<?xml version="1.0" encoding="UTF-8"?><record_update>
    <sys_ui_list parent="" relationship="" sys_domain="global" table="x_dtll2_contentint_contentintegration_document" version="2" view="sys_ref_list">
        <sys_ui_list_element action="INSERT_OR_UPDATE">
            <average_value>false</average_value>
            <element>number_task</element>
            <list_id display_value="x_dtll2_contentint_contentintegration_document" element="NULL" name="x_dtll2_contentint_contentintegration_document" parent="NULL" relationship="NULL" sys_domain="global" view="7adc3422db0013002372e1d3ca961952">ed6f2a03db5e5b0069d100b5ca96196d</list_id>
            <max_value>false</max_value>
            <min_value>false</min_value>
            <position>0</position>
            <sum>false</sum>
            <sys_created_by>dshilkret</sys_created_by>
            <sys_created_on>2018-05-30 15:14:23</sys_created_on>
            <sys_id>2d6f2a03db5e5b0069d100b5ca96196e</sys_id>
            <sys_mod_count>0</sys_mod_count>
            <sys_updated_by>dshilkret</sys_updated_by>
            <sys_updated_on>2018-05-30 15:14:23</sys_updated_on>
        </sys_ui_list_element>
        <sys_ui_list action="INSERT_OR_UPDATE">
            <average_value>false</average_value>
            <element/>
            <max_value>false</max_value>
            <min_value>false</min_value>
            <name>x_dtll2_contentint_contentintegration_document</name>
            <parent/>
            <position/>
            <relationship/>
            <sum>false</sum>
            <sys_class_name>sys_ui_list</sys_class_name>
            <sys_created_by>dshilkret</sys_created_by>
            <sys_created_on>2018-05-30 15:14:23</sys_created_on>
            <sys_customer_update>false</sys_customer_update>
            <sys_domain>global</sys_domain>
            <sys_domain_path>/</sys_domain_path>
            <sys_id>ed6f2a03db5e5b0069d100b5ca96196d</sys_id>
            <sys_mod_count>0</sys_mod_count>
            <sys_name>x_dtll2_contentint_contentintegration_document</sys_name>
            <sys_package display_value="DocIntegrator" source="x_dtll2_contentint">5f1c2992db8e130069d100b5ca96195f</sys_package>
            <sys_policy/>
            <sys_replace_on_upgrade>false</sys_replace_on_upgrade>
            <sys_scope display_value="DocIntegrator">5f1c2992db8e130069d100b5ca96195f</sys_scope>
            <sys_update_name>sys_ui_list_x_dtll2_contentint_contentintegration_document_sys_ref_list</sys_update_name>
            <sys_updated_by>dshilkret</sys_updated_by>
            <sys_updated_on>2018-05-30 15:14:23</sys_updated_on>
            <sys_user/>
            <view display_value="Reference List" name="sys_ref_list">7adc3422db0013002372e1d3ca961952</view>
            <view_name/>
        </sys_ui_list>
    </sys_ui_list>
</record_update>
