<?xml version="1.0" encoding="UTF-8"?><record_update table="sys_embedded_help_role">
    <sys_embedded_help_role action="INSERT_OR_UPDATE">
        <order>10</order>
        <role display_value="x_dtll2_contentint.DocIntegrator_Admin" name="x_dtll2_contentint.DocIntegrator_Admin">2b425e17db14230069d100b5ca9619fe</role>
        <sys_class_name>sys_embedded_help_role</sys_class_name>
        <sys_created_by>bkeener</sys_created_by>
        <sys_created_on>2018-09-07 17:54:21</sys_created_on>
        <sys_customer_update>false</sys_customer_update>
        <sys_id>7ff2d217db14230069d100b5ca961977</sys_id>
        <sys_mod_count>0</sys_mod_count>
        <sys_name>2b425e17db14230069d100b5ca9619fe</sys_name>
        <sys_package display_value="DocIntegrator" source="x_dtll2_contentint">5f1c2992db8e130069d100b5ca96195f</sys_package>
        <sys_policy/>
        <sys_replace_on_upgrade>false</sys_replace_on_upgrade>
        <sys_scope display_value="DocIntegrator">5f1c2992db8e130069d100b5ca96195f</sys_scope>
        <sys_update_name>sys_embedded_help_role_7ff2d217db14230069d100b5ca961977</sys_update_name>
        <sys_updated_by>bkeener</sys_updated_by>
        <sys_updated_on>2018-09-07 17:54:21</sys_updated_on>
    </sys_embedded_help_role>
</record_update>
