<?xml version="1.0" encoding="UTF-8"?><record_update sys_domain="global" table="sys_app_module">
    <sys_app_module action="INSERT_OR_UPDATE">
        <active>true</active>
        <application display_value="DocIntegrator">bb7ca9d2db8e130069d100b5ca961975</application>
        <assessment/>
        <content_page/>
        <device_type/>
        <filter/>
        <hint>Application Settings</hint>
        <homepage/>
        <image/>
        <link_type>DIRECT</link_type>
        <map_page/>
        <mobile_title>Document Integrator</mobile_title>
        <mobile_view_name>Mobile</mobile_view_name>
        <name/>
        <order>200</order>
        <override_menu_roles>false</override_menu_roles>
        <query>/system_properties_ui.do?sysparm_category=DocInt%20-%20Tasker%20Integration%20Settings&amp;sysparm_domain_restore=false&amp;sysparm_stack=no&amp;sysparm_title=Document%20Integrator%20Settings</query>
        <report/>
        <roles>x_dtll2_contentint.DocIntegrator_Admin</roles>
        <survey/>
        <survey_overwrite>true</survey_overwrite>
        <sys_class_name>sys_app_module</sys_class_name>
        <sys_created_by>btoole</sys_created_by>
        <sys_created_on>2018-07-27 16:45:14</sys_created_on>
        <sys_customer_update>false</sys_customer_update>
        <sys_domain>global</sys_domain>
        <sys_domain_path>/</sys_domain_path>
        <sys_id>bd0035bddba7530069d100b5ca9619ae</sys_id>
        <sys_mod_count>7</sys_mod_count>
        <sys_name>Doc. Integrator Settings</sys_name>
        <sys_overrides/>
        <sys_package display_value="DocIntegrator" source="x_dtll2_contentint">5f1c2992db8e130069d100b5ca96195f</sys_package>
        <sys_policy/>
        <sys_replace_on_upgrade>false</sys_replace_on_upgrade>
        <sys_scope display_value="DocIntegrator">5f1c2992db8e130069d100b5ca96195f</sys_scope>
        <sys_update_name>sys_app_module_bd0035bddba7530069d100b5ca9619ae</sys_update_name>
        <sys_updated_by>admin</sys_updated_by>
        <sys_updated_on>2018-09-27 20:15:19</sys_updated_on>
        <timeline_page/>
        <title>Doc. Integrator Settings</title>
        <uncancelable>false</uncancelable>
        <view_name/>
        <window_name>Doc. Integrator Settings</window_name>
    </sys_app_module>
</record_update>
