<?xml version="1.0" encoding="UTF-8"?><record_update table="sys_embedded_help_role">
    <sys_embedded_help_role action="INSERT_OR_UPDATE">
        <order>1000</order>
        <role display_value="sn_dd_contentintegration_integrations" name="sn_dd_contentintegration_integrations">2ee44e10db9fd3001919fcd6f4961998</role>
        <sys_class_name>sys_embedded_help_role</sys_class_name>
        <sys_created_by>dshilkret</sys_created_by>
        <sys_created_on>2018-07-10 16:08:15</sys_created_on>
        <sys_customer_update>false</sys_customer_update>
        <sys_id>22e44e10db9fd3001919fcd6f496199a</sys_id>
        <sys_mod_count>0</sys_mod_count>
        <sys_name>2ee44e10db9fd3001919fcd6f4961998</sys_name>
        <sys_package display_value="DocIntegrator" source="x_dtll2_contentint">5f1c2992db8e130069d100b5ca96195f</sys_package>
        <sys_policy/>
        <sys_replace_on_upgrade>false</sys_replace_on_upgrade>
        <sys_scope display_value="DocIntegrator">5f1c2992db8e130069d100b5ca96195f</sys_scope>
        <sys_update_name>sys_embedded_help_role_22e44e10db9fd3001919fcd6f496199a</sys_update_name>
        <sys_updated_by>dshilkret</sys_updated_by>
        <sys_updated_on>2018-07-10 16:08:15</sys_updated_on>
    </sys_embedded_help_role>
</record_update>
