<?xml version="1.0" encoding="UTF-8"?><record_update table="sys_db_object">
    <sys_db_object action="INSERT_OR_UPDATE">
        <access>public</access>
        <actions_access>true</actions_access>
        <alter_access>true</alter_access>
        <client_scripts_access>true</client_scripts_access>
        <configuration_access>true</configuration_access>
        <create_access>true</create_access>
        <create_access_controls>true</create_access_controls>
        <delete_access>true</delete_access>
        <extension_model/>
        <is_extendable>false</is_extendable>
        <label>Documents</label>
        <live_feed_enabled>false</live_feed_enabled>
        <name>x_dtll2_contentint_contentintegration_document</name>
        <number_ref/>
        <provider_class/>
        <read_access>true</read_access>
        <super_class/>
        <sys_class_code/>
        <sys_class_name>sys_db_object</sys_class_name>
        <sys_class_path/>
        <sys_created_by>dshilkret</sys_created_by>
        <sys_created_on>2018-05-15 16:11:43</sys_created_on>
        <sys_customer_update>false</sys_customer_update>
        <sys_id>cb9c2992db8e130069d100b5ca961971</sys_id>
        <sys_mod_count>5</sys_mod_count>
        <sys_name>Documents</sys_name>
        <sys_package display_value="DocIntegrator" source="x_dtll2_contentint">5f1c2992db8e130069d100b5ca96195f</sys_package>
        <sys_policy/>
        <sys_replace_on_upgrade>false</sys_replace_on_upgrade>
        <sys_scope display_value="DocIntegrator">5f1c2992db8e130069d100b5ca96195f</sys_scope>
        <sys_update_name>sys_db_object_cb9c2992db8e130069d100b5ca961971</sys_update_name>
        <sys_updated_by>bkeener</sys_updated_by>
        <sys_updated_on>2018-07-26 14:51:46</sys_updated_on>
        <update_access>true</update_access>
        <user_role display_value="x_dtll2_contentint.DocIntegrator_Document_User" name="x_dtll2_contentint.DocIntegrator_Document_User">9baca592db8e130069d100b5ca9619bf</user_role>
        <ws_access>true</ws_access>
    </sys_db_object>
</record_update>
