<?xml version="1.0" encoding="UTF-8"?><record_update table="sys_properties">
    <sys_properties action="INSERT_OR_UPDATE">
        <choices/>
        <description>Client ID of Application that has permissions to SharePoint Site/Library</description>
        <ignore_cache>false</ignore_cache>
        <is_private>false</is_private>
        <name>x_dtll2_contentint.sp_client_id</name>
        <read_roles/>
        <suffix>sp_client_id</suffix>
        <sys_class_name>sys_properties</sys_class_name>
        <sys_created_by>bkeener</sys_created_by>
        <sys_created_on>2018-08-21 02:55:39</sys_created_on>
        <sys_customer_update>false</sys_customer_update>
        <sys_id>6f12eba9db84eb0069d100b5ca961921</sys_id>
        <sys_mod_count>1</sys_mod_count>
        <sys_name>x_dtll2_contentint.sp_client_id</sys_name>
        <sys_package display_value="DocIntegrator" source="x_dtll2_contentint">5f1c2992db8e130069d100b5ca96195f</sys_package>
        <sys_policy/>
        <sys_replace_on_upgrade>false</sys_replace_on_upgrade>
        <sys_scope display_value="DocIntegrator">5f1c2992db8e130069d100b5ca96195f</sys_scope>
        <sys_update_name>sys_properties_6f12eba9db84eb0069d100b5ca961921</sys_update_name>
        <sys_updated_by>bkeener</sys_updated_by>
        <sys_updated_on>2018-08-21 02:56:08</sys_updated_on>
        <type>string</type>
        <value>787464b7-b766-4b37-b10c-18b665d1ceb6</value>
        <write_roles/>
    </sys_properties>
    <sys_translated_text action="delete_multiple" query="documentkey=6f12eba9db84eb0069d100b5ca961921"/>
</record_update>
