<?xml version="1.0" encoding="UTF-8"?><record_update table="sys_properties">
    <sys_properties action="INSERT_OR_UPDATE">
        <choices>Discover Tasker Documents&#13;
ServiceNow Incident Documents</choices>
        <description>SharePoint Document LIbrary</description>
        <ignore_cache>false</ignore_cache>
        <is_private>false</is_private>
        <name>x_dtll2_contentint.sp_doc_library</name>
        <read_roles/>
        <suffix>sp_doc_library</suffix>
        <sys_class_name>sys_properties</sys_class_name>
        <sys_created_by>bkeener</sys_created_by>
        <sys_created_on>2018-08-24 19:57:59</sys_created_on>
        <sys_customer_update>false</sys_customer_update>
        <sys_id>95786afadbcc63401919fcd6f4961936</sys_id>
        <sys_mod_count>2</sys_mod_count>
        <sys_name>x_dtll2_contentint.sp_doc_library</sys_name>
        <sys_package display_value="DocIntegrator" source="x_dtll2_contentint">5f1c2992db8e130069d100b5ca96195f</sys_package>
        <sys_policy/>
        <sys_replace_on_upgrade>false</sys_replace_on_upgrade>
        <sys_scope display_value="DocIntegrator">5f1c2992db8e130069d100b5ca96195f</sys_scope>
        <sys_update_name>sys_properties_95786afadbcc63401919fcd6f4961936</sys_update_name>
        <sys_updated_by>bkeener</sys_updated_by>
        <sys_updated_on>2018-08-28 14:43:46</sys_updated_on>
        <type>string</type>
        <value>ServiceNow Incident Documents</value>
        <write_roles/>
    </sys_properties>
    <sys_translated_text action="delete_multiple" query="documentkey=95786afadbcc63401919fcd6f4961936"/>
</record_update>
