<?xml version="1.0" encoding="UTF-8"?><record_update table="sys_properties">
    <sys_properties action="INSERT_OR_UPDATE">
        <choices>SP.Data.Discover_x0020_Tasker_x0020_DocumentsItem</choices>
        <description>SharePoint Content Type Name</description>
        <ignore_cache>false</ignore_cache>
        <is_private>false</is_private>
        <name>x_dtll2_contentint.sp_content_type</name>
        <read_roles/>
        <suffix>sp_content_type</suffix>
        <sys_class_name>sys_properties</sys_class_name>
        <sys_created_by>bkeener</sys_created_by>
        <sys_created_on>2018-08-21 02:59:11</sys_created_on>
        <sys_customer_update>false</sys_customer_update>
        <sys_id>baf2abe9db84eb0069d100b5ca9619df</sys_id>
        <sys_mod_count>2</sys_mod_count>
        <sys_name>x_dtll2_contentint.sp_content_type</sys_name>
        <sys_package display_value="DocIntegrator" source="x_dtll2_contentint">5f1c2992db8e130069d100b5ca96195f</sys_package>
        <sys_policy/>
        <sys_replace_on_upgrade>false</sys_replace_on_upgrade>
        <sys_scope display_value="DocIntegrator">5f1c2992db8e130069d100b5ca96195f</sys_scope>
        <sys_update_name>sys_properties_baf2abe9db84eb0069d100b5ca9619df</sys_update_name>
        <sys_updated_by>bkeener</sys_updated_by>
        <sys_updated_on>2018-08-28 17:14:44</sys_updated_on>
        <type>string</type>
        <value>SP.Data.ServiceNow_x0020_Incident_x0020_DocumentsItem</value>
        <write_roles/>
    </sys_properties>
    <sys_translated_text action="delete_multiple" query="documentkey=baf2abe9db84eb0069d100b5ca9619df"/>
</record_update>
