<?xml version="1.0" encoding="UTF-8"?><record_update table="sys_cors_rule">
    <sys_cors_rule action="INSERT_OR_UPDATE">
        <delete>false</delete>
        <domain>login.microsoftonline.com</domain>
        <exposed_headers/>
        <get>true</get>
        <max_age>0</max_age>
        <name>MS login</name>
        <patch>false</patch>
        <post>true</post>
        <put>false</put>
        <rest_api>now/stats</rest_api>
        <sys_class_name>sys_cors_rule</sys_class_name>
        <sys_created_by>btoole</sys_created_by>
        <sys_created_on>2018-07-31 16:58:45</sys_created_on>
        <sys_customer_update>false</sys_customer_update>
        <sys_id>62c912cfdbebd30069d100b5ca96194a</sys_id>
        <sys_mod_count>1</sys_mod_count>
        <sys_name>MS login</sys_name>
        <sys_package display_value="DocIntegrator" source="x_dtll2_contentint">5f1c2992db8e130069d100b5ca96195f</sys_package>
        <sys_policy/>
        <sys_replace_on_upgrade>false</sys_replace_on_upgrade>
        <sys_scope display_value="DocIntegrator">5f1c2992db8e130069d100b5ca96195f</sys_scope>
        <sys_update_name>sys_cors_rule_62c912cfdbebd30069d100b5ca96194a</sys_update_name>
        <sys_updated_by>btoole</sys_updated_by>
        <sys_updated_on>2018-07-31 16:59:12</sys_updated_on>
    </sys_cors_rule>
</record_update>
