<?xml version="1.0" encoding="UTF-8"?><record_update table="sys_relationship">
    <sys_relationship action="INSERT_OR_UPDATE">
        <advanced>false</advanced>
        <apply_to/>
        <basic_apply_to>x_dtll2_contentint_contentintegration_task</basic_apply_to>
        <basic_query_from>x_dtll2_contentint_contentintegration_document</basic_query_from>
        <insert_callback/>
        <name>Task to Doc</name>
        <query_from/>
        <query_with><![CDATA[current.addQuery('number_task', parent.sys_id);]]></query_with>
        <reference_field>number_task</reference_field>
        <related_list/>
        <simple_reference>true</simple_reference>
        <sys_class_name>sys_relationship</sys_class_name>
        <sys_created_by>dshilkret</sys_created_by>
        <sys_created_on>2018-05-25 16:16:33</sys_created_on>
        <sys_customer_update>false</sys_customer_update>
        <sys_id>883dcda9db9e970069d100b5ca9619a2</sys_id>
        <sys_mod_count>18</sys_mod_count>
        <sys_name>Task to Doc</sys_name>
        <sys_package display_value="DocIntegrator" source="x_dtll2_contentint">5f1c2992db8e130069d100b5ca96195f</sys_package>
        <sys_policy/>
        <sys_replace_on_upgrade>false</sys_replace_on_upgrade>
        <sys_scope display_value="DocIntegrator">5f1c2992db8e130069d100b5ca96195f</sys_scope>
        <sys_update_name>sys_relationship_883dcda9db9e970069d100b5ca9619a2</sys_update_name>
        <sys_updated_by>bkeener</sys_updated_by>
        <sys_updated_on>2018-07-26 14:52:27</sys_updated_on>
    </sys_relationship>
    <sys_translated_text action="delete_multiple" query="documentkey=883dcda9db9e970069d100b5ca9619a2"/>
</record_update>
