<?xml version="1.0" encoding="UTF-8"?><record_update table="sys_properties">
    <sys_properties action="INSERT_OR_UPDATE">
        <choices/>
        <description>DiscoverTasker user role to check if user is in, to see if actions are available&#13;
</description>
        <ignore_cache>false</ignore_cache>
        <is_private>false</is_private>
        <name>x_dtll2_contentint.tasker_user</name>
        <read_roles>x_dtll2_contentint.contentintegration_task_user</read_roles>
        <suffix>tasker_user</suffix>
        <sys_class_name>sys_properties</sys_class_name>
        <sys_created_by>btoole</sys_created_by>
        <sys_created_on>2018-07-23 19:54:08</sys_created_on>
        <sys_customer_update>false</sys_customer_update>
        <sys_id>56f4f1acdbabdb001919fcd6f49619d1</sys_id>
        <sys_mod_count>1</sys_mod_count>
        <sys_name>x_dtll2_contentint.tasker_user</sys_name>
        <sys_package display_value="DocIntegrator" source="x_dtll2_contentint">5f1c2992db8e130069d100b5ca96195f</sys_package>
        <sys_policy/>
        <sys_replace_on_upgrade>false</sys_replace_on_upgrade>
        <sys_scope display_value="DocIntegrator">5f1c2992db8e130069d100b5ca96195f</sys_scope>
        <sys_update_name>sys_properties_56f4f1acdbabdb001919fcd6f49619d1</sys_update_name>
        <sys_updated_by>btoole</sys_updated_by>
        <sys_updated_on>2018-07-23 19:55:26</sys_updated_on>
        <type>string</type>
        <value>x_153465_discovert.tasker_user</value>
        <write_roles>admin</write_roles>
    </sys_properties>
    <sys_translated_text action="delete_multiple" query="documentkey=56f4f1acdbabdb001919fcd6f49619d1"/>
</record_update>
