<?xml version="1.0" encoding="UTF-8"?><record_update>
    <sys_ui_section caption="" section_id="6bee2556db8e130069d100b5ca9619a2" sys_domain="global" table="x_dtll2_contentint_contentintegration_task" version="3" view="">
        <sys_ui_element action="INSERT_OR_UPDATE">
            <element>number</element>
            <position>0</position>
            <sys_created_by>admin</sys_created_by>
            <sys_created_on>2018-05-29 22:11:25</sys_created_on>
            <sys_id>0945837edb5a17402372e1d3ca9619f6</sys_id>
            <sys_mod_count>0</sys_mod_count>
            <sys_ui_formatter/>
            <sys_ui_section caption="NULL" display_value="" name="x_dtll2_contentint_contentintegration_task" sys_domain="global" view="Default view">6bee2556db8e130069d100b5ca9619a2</sys_ui_section>
            <sys_updated_by>admin</sys_updated_by>
            <sys_updated_on>2018-05-29 22:11:25</sys_updated_on>
            <sys_user/>
            <type/>
        </sys_ui_element>
        <sys_ui_element action="INSERT_OR_UPDATE">
            <element>assigned_to</element>
            <position>1</position>
            <sys_created_by>admin</sys_created_by>
            <sys_created_on>2018-05-29 22:11:25</sys_created_on>
            <sys_id>cd45837edb5a17402372e1d3ca9619f6</sys_id>
            <sys_mod_count>0</sys_mod_count>
            <sys_ui_formatter/>
            <sys_ui_section caption="NULL" display_value="" name="x_dtll2_contentint_contentintegration_task" sys_domain="global" view="Default view">6bee2556db8e130069d100b5ca9619a2</sys_ui_section>
            <sys_updated_by>admin</sys_updated_by>
            <sys_updated_on>2018-05-29 22:11:25</sys_updated_on>
            <sys_user/>
            <type/>
        </sys_ui_element>
        <sys_ui_element action="INSERT_OR_UPDATE">
            <element>active</element>
            <position>2</position>
            <sys_created_by>admin</sys_created_by>
            <sys_created_on>2018-05-29 22:11:25</sys_created_on>
            <sys_id>4145837edb5a17402372e1d3ca9619f7</sys_id>
            <sys_mod_count>0</sys_mod_count>
            <sys_ui_formatter/>
            <sys_ui_section caption="NULL" display_value="" name="x_dtll2_contentint_contentintegration_task" sys_domain="global" view="Default view">6bee2556db8e130069d100b5ca9619a2</sys_ui_section>
            <sys_updated_by>admin</sys_updated_by>
            <sys_updated_on>2018-05-29 22:11:25</sys_updated_on>
            <sys_user/>
            <type/>
        </sys_ui_element>
        <sys_ui_element action="INSERT_OR_UPDATE">
            <element>.split</element>
            <position>3</position>
            <sys_created_by>admin</sys_created_by>
            <sys_created_on>2018-05-29 22:11:25</sys_created_on>
            <sys_id>c145837edb5a17402372e1d3ca9619f7</sys_id>
            <sys_mod_count>0</sys_mod_count>
            <sys_ui_formatter/>
            <sys_ui_section caption="NULL" display_value="" name="x_dtll2_contentint_contentintegration_task" sys_domain="global" view="Default view">6bee2556db8e130069d100b5ca9619a2</sys_ui_section>
            <sys_updated_by>admin</sys_updated_by>
            <sys_updated_on>2018-05-29 22:11:25</sys_updated_on>
            <sys_user/>
            <type>.split</type>
        </sys_ui_element>
        <sys_ui_element action="INSERT_OR_UPDATE">
            <element>priority</element>
            <position>4</position>
            <sys_created_by>admin</sys_created_by>
            <sys_created_on>2018-05-29 22:11:25</sys_created_on>
            <sys_id>4545837edb5a17402372e1d3ca9619f7</sys_id>
            <sys_mod_count>0</sys_mod_count>
            <sys_ui_formatter/>
            <sys_ui_section caption="NULL" display_value="" name="x_dtll2_contentint_contentintegration_task" sys_domain="global" view="Default view">6bee2556db8e130069d100b5ca9619a2</sys_ui_section>
            <sys_updated_by>admin</sys_updated_by>
            <sys_updated_on>2018-05-29 22:11:25</sys_updated_on>
            <sys_user/>
            <type/>
        </sys_ui_element>
        <sys_ui_element action="INSERT_OR_UPDATE">
            <element>state</element>
            <position>5</position>
            <sys_created_by>admin</sys_created_by>
            <sys_created_on>2018-05-29 22:11:25</sys_created_on>
            <sys_id>c545837edb5a17402372e1d3ca9619f7</sys_id>
            <sys_mod_count>0</sys_mod_count>
            <sys_ui_formatter/>
            <sys_ui_section caption="NULL" display_value="" name="x_dtll2_contentint_contentintegration_task" sys_domain="global" view="Default view">6bee2556db8e130069d100b5ca9619a2</sys_ui_section>
            <sys_updated_by>admin</sys_updated_by>
            <sys_updated_on>2018-05-29 22:11:25</sys_updated_on>
            <sys_user/>
            <type/>
        </sys_ui_element>
        <sys_ui_element action="INSERT_OR_UPDATE">
            <element>parent</element>
            <position>6</position>
            <sys_created_by>admin</sys_created_by>
            <sys_created_on>2018-05-29 22:11:25</sys_created_on>
            <sys_id>4945837edb5a17402372e1d3ca9619f7</sys_id>
            <sys_mod_count>0</sys_mod_count>
            <sys_ui_formatter/>
            <sys_ui_section caption="NULL" display_value="" name="x_dtll2_contentint_contentintegration_task" sys_domain="global" view="Default view">6bee2556db8e130069d100b5ca9619a2</sys_ui_section>
            <sys_updated_by>admin</sys_updated_by>
            <sys_updated_on>2018-05-29 22:11:25</sys_updated_on>
            <sys_user/>
            <type/>
        </sys_ui_element>
        <sys_ui_element action="INSERT_OR_UPDATE">
            <element>.end_split</element>
            <position>7</position>
            <sys_created_by>admin</sys_created_by>
            <sys_created_on>2018-05-29 22:11:25</sys_created_on>
            <sys_id>c945837edb5a17402372e1d3ca9619f7</sys_id>
            <sys_mod_count>0</sys_mod_count>
            <sys_ui_formatter/>
            <sys_ui_section caption="NULL" display_value="" name="x_dtll2_contentint_contentintegration_task" sys_domain="global" view="Default view">6bee2556db8e130069d100b5ca9619a2</sys_ui_section>
            <sys_updated_by>admin</sys_updated_by>
            <sys_updated_on>2018-05-29 22:11:25</sys_updated_on>
            <sys_user/>
            <type>.end_split</type>
        </sys_ui_element>
        <sys_ui_element action="INSERT_OR_UPDATE">
            <element>short_description</element>
            <position>8</position>
            <sys_created_by>admin</sys_created_by>
            <sys_created_on>2018-05-29 22:11:25</sys_created_on>
            <sys_id>4d45837edb5a17402372e1d3ca9619f7</sys_id>
            <sys_mod_count>0</sys_mod_count>
            <sys_ui_formatter/>
            <sys_ui_section caption="NULL" display_value="" name="x_dtll2_contentint_contentintegration_task" sys_domain="global" view="Default view">6bee2556db8e130069d100b5ca9619a2</sys_ui_section>
            <sys_updated_by>admin</sys_updated_by>
            <sys_updated_on>2018-05-29 22:11:25</sys_updated_on>
            <sys_user/>
            <type/>
        </sys_ui_element>
        <sys_ui_section action="INSERT_OR_UPDATE">
            <caption/>
            <header>false</header>
            <name>x_dtll2_contentint_contentintegration_task</name>
            <roles/>
            <sys_class_name>sys_ui_section</sys_class_name>
            <sys_created_by>dshilkret</sys_created_by>
            <sys_created_on>2018-05-15 16:21:33</sys_created_on>
            <sys_customer_update>false</sys_customer_update>
            <sys_domain>global</sys_domain>
            <sys_domain_path>/</sys_domain_path>
            <sys_id>6bee2556db8e130069d100b5ca9619a2</sys_id>
            <sys_mod_count>0</sys_mod_count>
            <sys_name>x_dtll2_contentint_contentintegration_task</sys_name>
            <sys_overrides/>
            <sys_package display_value="DocIntegrator" source="x_dtll2_contentint">5f1c2992db8e130069d100b5ca96195f</sys_package>
            <sys_policy/>
            <sys_replace_on_upgrade>false</sys_replace_on_upgrade>
            <sys_scope display_value="DocIntegrator">5f1c2992db8e130069d100b5ca96195f</sys_scope>
            <sys_update_name>sys_ui_section_6bee2556db8e130069d100b5ca9619a2</sys_update_name>
            <sys_updated_by>dshilkret</sys_updated_by>
            <sys_updated_on>2018-05-15 16:21:33</sys_updated_on>
            <sys_user/>
            <title>true</title>
            <view display_value="Default view" name="NULL">Default view</view>
            <view_name/>
        </sys_ui_section>
    </sys_ui_section>
</record_update>
