<?xml version="1.0" encoding="UTF-8"?><record_update>
    <sys_ui_section caption="" section_id="d186799adb8e130069d100b5ca9619cc" sys_domain="global" table="x_dtll2_contentint_contentintegration_document" version="3" view="">
        <sys_ui_element action="INSERT_OR_UPDATE">
            <element>name</element>
            <position>0</position>
            <sys_created_by>dshilkret</sys_created_by>
            <sys_created_on>2018-06-15 20:46:11</sys_created_on>
            <sys_id>16c4d654dbfe9f402372e1d3ca961945</sys_id>
            <sys_mod_count>0</sys_mod_count>
            <sys_ui_formatter/>
            <sys_ui_section caption="NULL" display_value="" name="x_dtll2_contentint_contentintegration_document" sys_domain="global" view="Default view">d186799adb8e130069d100b5ca9619cc</sys_ui_section>
            <sys_updated_by>dshilkret</sys_updated_by>
            <sys_updated_on>2018-06-15 20:46:11</sys_updated_on>
            <sys_user/>
            <type/>
        </sys_ui_element>
        <sys_ui_element action="INSERT_OR_UPDATE">
            <element>number_task</element>
            <position>1</position>
            <sys_created_by>dshilkret</sys_created_by>
            <sys_created_on>2018-06-15 20:46:11</sys_created_on>
            <sys_id>9ac4d654dbfe9f402372e1d3ca961945</sys_id>
            <sys_mod_count>0</sys_mod_count>
            <sys_ui_formatter/>
            <sys_ui_section caption="NULL" display_value="" name="x_dtll2_contentint_contentintegration_document" sys_domain="global" view="Default view">d186799adb8e130069d100b5ca9619cc</sys_ui_section>
            <sys_updated_by>dshilkret</sys_updated_by>
            <sys_updated_on>2018-06-15 20:46:11</sys_updated_on>
            <sys_user/>
            <type/>
        </sys_ui_element>
        <sys_ui_element action="INSERT_OR_UPDATE">
            <element>url</element>
            <position>2</position>
            <sys_created_by>dshilkret</sys_created_by>
            <sys_created_on>2018-06-15 20:46:11</sys_created_on>
            <sys_id>1ec4d654dbfe9f402372e1d3ca961945</sys_id>
            <sys_mod_count>0</sys_mod_count>
            <sys_ui_formatter/>
            <sys_ui_section caption="NULL" display_value="" name="x_dtll2_contentint_contentintegration_document" sys_domain="global" view="Default view">d186799adb8e130069d100b5ca9619cc</sys_ui_section>
            <sys_updated_by>dshilkret</sys_updated_by>
            <sys_updated_on>2018-06-15 20:46:11</sys_updated_on>
            <sys_user/>
            <type/>
        </sys_ui_element>
        <sys_ui_section action="INSERT_OR_UPDATE">
            <caption/>
            <header>false</header>
            <name>x_dtll2_contentint_contentintegration_document</name>
            <roles/>
            <sys_class_name>sys_ui_section</sys_class_name>
            <sys_created_by>dshilkret</sys_created_by>
            <sys_created_on>2018-05-15 16:54:43</sys_created_on>
            <sys_customer_update>false</sys_customer_update>
            <sys_domain>global</sys_domain>
            <sys_domain_path>/</sys_domain_path>
            <sys_id>d186799adb8e130069d100b5ca9619cc</sys_id>
            <sys_mod_count>0</sys_mod_count>
            <sys_name>x_dtll2_contentint_contentintegration_document</sys_name>
            <sys_overrides/>
            <sys_package display_value="DocIntegrator" source="x_dtll2_contentint">5f1c2992db8e130069d100b5ca96195f</sys_package>
            <sys_policy/>
            <sys_replace_on_upgrade>false</sys_replace_on_upgrade>
            <sys_scope display_value="DocIntegrator">5f1c2992db8e130069d100b5ca96195f</sys_scope>
            <sys_update_name>sys_ui_section_d186799adb8e130069d100b5ca9619cc</sys_update_name>
            <sys_updated_by>dshilkret</sys_updated_by>
            <sys_updated_on>2018-05-15 16:54:43</sys_updated_on>
            <sys_user/>
            <title>true</title>
            <view display_value="Default view" name="NULL">Default view</view>
            <view_name/>
        </sys_ui_section>
    </sys_ui_section>
</record_update>
