<?xml version="1.0" encoding="UTF-8"?><record_update>
    <sys_ui_related sys_domain="global" table="x_dtll2_contentint_contentintegration_task" version="2" view="">
        <sys_ui_related_list_entry action="INSERT_OR_UPDATE">
            <filter/>
            <list_id display_value="Tasks - Default view" name="x_dtll2_contentint_contentintegration_task" related_list="NULL" sys_domain="global" view="Default view">5efd26cfdb1e5b0069d100b5ca961929</list_id>
            <order_by/>
            <position>0</position>
            <related_list>x_dtll2_contentint_contentintegration_document.number_task</related_list>
            <sys_class_name>sys_ui_related_list_entry</sys_class_name>
            <sys_created_by>dshilkret</sys_created_by>
            <sys_created_on>2018-05-30 15:08:08</sys_created_on>
            <sys_id>16fd26cfdb1e5b0069d100b5ca96192a</sys_id>
            <sys_mod_count>0</sys_mod_count>
            <sys_updated_by>dshilkret</sys_updated_by>
            <sys_updated_on>2018-05-30 15:08:08</sys_updated_on>
        </sys_ui_related_list_entry>
        <sys_ui_related_list action="INSERT_OR_UPDATE">
            <calculated_name>Tasks - Default view</calculated_name>
            <filter/>
            <name>x_dtll2_contentint_contentintegration_task</name>
            <order_by/>
            <position/>
            <related_list/>
            <sys_class_name>sys_ui_related_list</sys_class_name>
            <sys_created_by>dshilkret</sys_created_by>
            <sys_created_on>2018-05-30 15:08:08</sys_created_on>
            <sys_customer_update>false</sys_customer_update>
            <sys_domain>global</sys_domain>
            <sys_domain_path>/</sys_domain_path>
            <sys_id>5efd26cfdb1e5b0069d100b5ca961929</sys_id>
            <sys_mod_count>0</sys_mod_count>
            <sys_name>Tasks - Default view</sys_name>
            <sys_package display_value="DocIntegrator" source="x_dtll2_contentint">5f1c2992db8e130069d100b5ca96195f</sys_package>
            <sys_policy/>
            <sys_replace_on_upgrade>false</sys_replace_on_upgrade>
            <sys_scope display_value="DocIntegrator">5f1c2992db8e130069d100b5ca96195f</sys_scope>
            <sys_update_name>sys_ui_related_x_dtll2_contentint_contentintegration_task_null</sys_update_name>
            <sys_updated_by>dshilkret</sys_updated_by>
            <sys_updated_on>2018-05-30 15:08:08</sys_updated_on>
            <sys_user/>
            <view display_value="Default view" name="NULL">Default view</view>
            <view_name/>
        </sys_ui_related_list>
    </sys_ui_related>
</record_update>
