<?xml version="1.0" encoding="UTF-8"?><database>
    <element label="Documents" max_length="40" name="x_dtll2_contentint_contentintegration_document" type="collection">
        <element label="Name" max_length="250" name="name" type="string"/>
        <element attributes="allow_public=true" dependent="number_task" dependent_on_field="number_task" label="Task Number" max_length="32" name="number_task" reference="x_dtll2_contentint_contentintegration_task" type="reference" use_dependent_field="true"/>
        <element display="true" label="spId" max_length="10" name="spid" type="string"/>
        <element label="." max_length="1000" name="url" read_only="true" type="string"/>
        <index name="index">
            <element name="number_task"/>
        </index>
    </element>
</database>
