<?xml version="1.0" encoding="UTF-8"?><record_update table="sys_app">
    <sys_app action="INSERT_OR_UPDATE">
        <active>true</active>
        <enforce_license>log</enforce_license>
        <js_level>helsinki_es5</js_level>
        <licensable>true</licensable>
        <license_category>none</license_category>
        <license_model>none</license_model>
        <logo/>
        <menu/>
        <name>DocIntegrator</name>
        <private>false</private>
        <restrict_table_access>false</restrict_table_access>
        <runtime_access_tracking>permissive</runtime_access_tracking>
        <scope>x_dtll2_contentint</scope>
        <scoped_administration>false</scoped_administration>
        <short_description>1.0.6 All observations from certifier Saikiran as of Sep 26 has been addressed.</short_description>
        <source>x_dtll2_contentint</source>
        <store_correlation_id>APP0010222</store_correlation_id>
        <store_url>https://tpp.servicenow.com/sn_appstore_s</store_url>
        <sys_class_name>sys_app</sys_class_name>
        <sys_code/>
        <sys_created_by>dshilkret</sys_created_by>
        <sys_created_on>2018-05-15 16:09:16</sys_created_on>
        <sys_id>5f1c2992db8e130069d100b5ca96195f</sys_id>
        <sys_mod_count>21</sys_mod_count>
        <sys_updated_by>ktorres</sys_updated_by>
        <sys_updated_on>2018-10-10 20:33:26</sys_updated_on>
        <template/>
        <trackable>true</trackable>
        <user_role/>
        <vendor/>
        <vendor_prefix/>
        <version>1.0.8</version>
    </sys_app>
</record_update>
